{"(2, 2, 0.05, 3, 0)": 1.317028259930847, "(2, 2, 0.15, 11, 0)": 1.4205260459778533, "(2, 2, 0.1, 7, 0)": 1.3451799793057975, "(2, 2, 0.25, 19, 0)": 0.7530377016655815, "(2, 2, 0.2, 15, 0)": 0.9730510123295173, "(2, 2, 0.35, 27, 0)": 0.8015328025385298, "(2, 2, 0.3, 23, 0)": 0.7277424341066462, "(2, 2, 0.45, 35, 0)": 0.6754485733682573, "(2, 2, 0.4, 31, 0)": 0.7378058450559772, "(2, 2, 0.55, 42, 0)": 0.6167006621121791, "(2, 2, 0.5, 39, 0)": 0.613158324684208, "(2, 2, 0.65, 50, 0)": 0.5943247108914148, "(2, 2, 0.6, 46, 0)": 0.6315849975618398, "(2, 2, 0.75, 58, 0)": 0.5320169135154935, "(2, 2, 0.7, 54, 0)": 0.5489404358335893, "(2, 2, 0.85, 66, 0)": 0.4987356442096286, "(2, 2, 0.8, 62, 0)": 0.50632332976795, "(2, 2, 0.95, 74, 0)": 0.5131199344018996, "(2, 2, 0.9, 70, 0)": 0.49203739388162865, "(2, 0, 0.05, 3, 0)": 2.4033900809697126, "(2, 0, 0.15, 11, 0)": 1.3472124001762265, "(2, 0, 0.1, 7, 0)": 1.319447059590418, "(2, 0, 0.25, 19, 0)": 0.8803925403007743, "(2, 0, 0.2, 15, 0)": 0.9008961971007081, "(2, 0, 0.35, 27, 0)": 0.8319617837868142, "(2, 0, 0.3, 23, 0)": 0.8633122123585462, "(2, 0, 0.45, 35, 0)": 0.6739134578757809, "(2, 0, 0.4, 31, 0)": 0.774160463928469, "(2, 0, 0.55, 42, 0)": 0.6522298941136632, "(2, 0, 0.5, 39, 0)": 0.6456146486982046, "(2, 0, 0.65, 50, 0)": 0.5629971263522418, "(2, 0, 0.6, 46, 0)": 0.6117923092339751, "(2, 0, 0.75, 58, 0)": 0.5383189468169942, "(2, 0, 0.7, 54, 0)": 0.5490777235110682, "(2, 0, 0.85, 66, 0)": 0.4756140961780349, "(2, 0, 0.8, 62, 0)": 0.5061260679345538, "(2, 0, 0.95, 74, 0)": 0.4147399560952685, "(2, 0, 0.9, 70, 0)": 0.4467201346991888, "(2, 1, 0.05, 3, 0)": 2.5653832659002735, "(2, 1, 0.15, 11, 0)": 1.534983208420725, "(2, 1, 0.1, 7, 0)": 1.7918324478092305, "(2, 1, 0.25, 19, 0)": 0.775532236022343, "(2, 1, 0.2, 15, 0)": 1.1855068267016533, "(2, 1, 0.35, 27, 0)": 0.6422415824732626, "(2, 1, 0.3, 23, 0)": 0.905398918506925, "(2, 1, 0.45, 35, 0)": 0.6973358209896076, "(2, 1, 0.4, 31, 0)": 0.7194737454344992, "(2, 1, 0.55, 42, 0)": 0.7275898960953335, "(2, 1, 0.5, 39, 0)": 0.7178632440232409, "(2, 1, 0.65, 50, 0)": 0.4435313704969751, "(2, 1, 0.6, 46, 0)": 0.4117557877741868, "(2, 1, 0.75, 58, 0)": 0.4302382072424616, "(2, 1, 0.7, 54, 0)": 0.6369986358763402, "(2, 1, 0.85, 66, 0)": 0.4036760318925768, "(2, 1, 0.8, 62, 0)": 0.48072129985468015, "(2, 1, 0.95, 74, 0)": 0.5497726930131485, "(2, 1, 0.9, 70, 0)": 0.41555914455984827, "(3, 2, 0.05, 14, 0)": 0.744550469719582, "(3, 2, 0.15, 44, 0)": 0.4817607306064164, "(3, 2, 0.1, 29, 0)": 0.6236485033831742, "(3, 2, 0.25, 74, 0)": 0.45923588121311776, "(3, 2, 0.2, 59, 0)": 0.5150770340697342, "(3, 2, 0.35, 104, 0)": 0.34357403071848447, "(3, 2, 0.3, 89, 0)": 0.34290319514511036, "(3, 2, 0.45, 134, 0)": 0.3459816577542222, "(3, 2, 0.4, 119, 0)": 0.4280363476825088, "(3, 2, 0.55, 163, 0)": 0.2842330711989319, "(3, 2, 0.5, 149, 0)": 0.2869751568086698, "(3, 2, 0.65, 193, 0)": 0.28005113710501417, "(3, 2, 0.6, 178, 0)": 0.3261791486094677, "(3, 2, 0.75, 223, 0)": 0.2642631472281797, "(3, 2, 0.7, 208, 0)": 0.23668582654755355, "(3, 2, 0.85, 253, 0)": 0.23658113340528789, "(3, 2, 0.8, 238, 0)": 0.23066208855850087, "(3, 2, 0.95, 283, 0)": 0.2244997184187064, "(3, 2, 0.9, 268, 0)": 0.22242424510131542, "(3, 0, 0.05, 14, 0)": 0.7944746046580253, "(3, 0, 0.15, 44, 0)": 0.4493116684538095, "(3, 0, 0.1, 29, 0)": 0.5722651391939627, "(3, 0, 0.25, 74, 0)": 0.4421437047049724, "(3, 0, 0.2, 59, 0)": 0.4560321183779838, "(3, 0, 0.35, 104, 0)": 0.3659997690597066, "(3, 0, 0.3, 89, 0)": 0.4174844957854992, "(3, 0, 0.45, 134, 0)": 0.3649933287283717, "(3, 0, 0.4, 119, 0)": 0.31251761074538187, "(3, 0, 0.55, 163, 0)": 0.3112639149941357, "(3, 0, 0.5, 149, 0)": 0.3557538175241688, "(3, 0, 0.65, 193, 0)": 0.27460857985779996, "(3, 0, 0.6, 178, 0)": 0.30156300204884456, "(3, 0, 0.75, 223, 0)": 0.22641544598898597, "(3, 0, 0.7, 208, 0)": 0.25041638895388324, "(3, 0, 0.85, 253, 0)": 0.15743133032592668, "(3, 0, 0.8, 238, 0)": 0.16847341455634157, "(3, 0, 0.95, 283, 0)": 0.12156206023637628, "(3, 0, 0.9, 268, 0)": 0.14960909149956744, "(3, 1, 0.05, 14, 0)": 0.8444231881004304, "(3, 1, 0.15, 44, 0)": 0.4651248979656119, "(3, 1, 0.1, 29, 0)": 0.5957441418276183, "(3, 1, 0.25, 74, 0)": 0.38301409360470456, "(3, 1, 0.2, 59, 0)": 0.5191419709857615, "(3, 1, 0.35, 104, 0)": 0.3785877664854173, "(3, 1, 0.3, 89, 0)": 0.3940185880220434, "(3, 1, 0.45, 134, 0)": 0.2972614153548972, "(3, 1, 0.4, 119, 0)": 0.37564880126755246, "(3, 1, 0.55, 163, 0)": 0.3279167561547567, "(3, 1, 0.5, 149, 0)": 0.27845326623568034, "(3, 1, 0.65, 193, 0)": 0.2788591785701736, "(3, 1, 0.6, 178, 0)": 0.2839973409075251, "(3, 1, 0.75, 223, 0)": 0.2766077891406469, "(3, 1, 0.7, 208, 0)": 0.2735395243383589, "(3, 1, 0.85, 253, 0)": 0.23964975119957505, "(3, 1, 0.8, 238, 0)": 0.25446224450106025, "(3, 1, 0.95, 283, 0)": 0.224700266132354, "(3, 1, 0.9, 268, 0)": 0.22677520930388625, "(4, 2, 0.05, 39, 0)": 0.5121485459534658, "(4, 2, 0.15, 118, 0)": 0.3031053983841772, "(4, 2, 0.1, 79, 0)": 0.37940811676255953, "(4, 2, 0.25, 198, 0)": 0.2827271309371357, "(4, 2, 0.2, 158, 0)": 0.28908396012699844, "(4, 2, 0.35, 277, 0)": 0.21067612497858387, "(4, 2, 0.3, 237, 0)": 0.2353883161420503, "(4, 2, 0.45, 356, 0)": 0.2071025474063368, "(4, 2, 0.4, 317, 0)": 0.2164012024619418, "(4, 2, 0.55, 436, 0)": 0.1840054984215754, "(4, 2, 0.5, 396, 0)": 0.18787339088051522, "(4, 2, 0.65, 515, 0)": 0.1624118963593342, "(4, 2, 0.6, 475, 0)": 0.174180159951507, "(4, 2, 0.75, 594, 0)": 0.13979745452925174, "(4, 2, 0.7, 555, 0)": 0.14427859860403133, "(4, 2, 0.85, 674, 0)": 0.1841709395819919, "(4, 2, 0.8, 634, 0)": 0.24687599994549783, "(4, 2, 0.95, 753, 0)": 0.17237485251036563, "(4, 2, 0.9, 713, 0)": 0.20715675759889765, "(4, 0, 0.05, 39, 0)": 0.553888583722576, "(4, 0, 0.15, 118, 0)": 0.32462368699168215, "(4, 0, 0.1, 79, 0)": 0.3667049837773304, "(4, 0, 0.25, 198, 0)": 0.2723399079300582, "(4, 0, 0.2, 158, 0)": 0.336587586362714, "(4, 0, 0.35, 277, 0)": 0.22360679552108798, "(4, 0, 0.3, 237, 0)": 0.3250060647859083, "(4, 0, 0.45, 356, 0)": 0.1898335614721276, "(4, 0, 0.4, 317, 0)": 0.20068735040071195, "(4, 0, 0.55, 436, 0)": 0.15563282688527488, "(4, 0, 0.5, 396, 0)": 0.171104412748763, "(4, 0, 0.65, 515, 0)": 0.10670107218127739, "(4, 0, 0.6, 475, 0)": 0.13707304955582472, "(4, 0, 0.75, 594, 0)": 0.3788515679334779, "(4, 0, 0.7, 555, 0)": 0.11627106953903837, "(4, 0, 0.85, 674, 0)": 0.40756155542741074, "(4, 0, 0.8, 634, 0)": 0.4288266250932364, "(4, 0, 0.95, 753, 0)": 0.07210390537989703, "(4, 0, 0.9, 713, 0)": 0.07630080689180425, "(4, 1, 0.05, 39, 0)": 0.5701798451902552, "(4, 1, 0.15, 118, 0)": 0.2948491794910697, "(4, 1, 0.1, 79, 0)": 0.3625555003479778, "(4, 1, 0.25, 198, 0)": 0.24012943910026907, "(4, 1, 0.2, 158, 0)": 0.3202762238905716, "(4, 1, 0.35, 277, 0)": 0.23542293632733927, "(4, 1, 0.3, 237, 0)": 0.23071788422669678, "(4, 1, 0.45, 356, 0)": 0.2030800102840244, "(4, 1, 0.4, 317, 0)": 0.23029810664050063, "(4, 1, 0.55, 436, 0)": 0.19845332490592937, "(4, 1, 0.5, 396, 0)": 0.19717182198970223, "(4, 1, 0.65, 515, 0)": 0.15170384698735295, "(4, 1, 0.6, 475, 0)": 0.19067698373435849, "(4, 1, 0.75, 594, 0)": 0.15762645114272017, "(4, 1, 0.7, 555, 0)": 0.15729274207173213, "(4, 1, 0.85, 674, 0)": 0.13175266446920836, "(4, 1, 0.8, 634, 0)": 0.14625832961875904, "(4, 1, 0.95, 753, 0)": 0.14275218829903186, "(4, 1, 0.9, 713, 0)": 0.1460390236292681, "(5, 2, 0.05, 79, 0)": 0.39212510761763897, "(5, 2, 0.15, 237, 0)": 0.2867174102401332, "(5, 2, 0.1, 158, 0)": 0.2911610727033473, "(5, 2, 0.25, 396, 0)": 0.21038155898551741, "(5, 2, 0.2, 317, 0)": 0.2012940363040201, "(5, 2, 0.35, 554, 0)": 0.1831754896661135, "(5, 2, 0.3, 475, 0)": 0.20316558067526483, "(5, 2, 0.45, 713, 0)": 0.17659112397940274, "(5, 2, 0.4, 634, 0)": 0.19348198223915875, "(5, 2, 0.55, 871, 0)": 0.15199157279004544, "(5, 2, 0.5, 792, 0)": 0.17917938157353805, "(5, 2, 0.65, 1030, 0)": 0.1483906251314907, "(5, 2, 0.6, 951, 0)": 0.1383919276263768,