{"meta": {"transformation": "jordan_wigner", "optimizer": "bfgs", "simulator": "mindspore", "package": "mindquantum", "mol_name": "H4"}, "bond_lengths": [0.4, 0.5, 0.6, 0.7, 0.8, 0.9, 1.0, 1.1, 1.2, 1.3, 1.4, 1.5, 1.6, 1.7, 1.8, 1.9, 2.0, 2.2, 2.4, 2.6, 2.8, 3.0], "energies": {"Hartree-Fock": [-1.007364, -1.62861, -1.929564, -2.069197, -2.121387, -2.12426, -2.098546, -2.056025, -2.003867, -1.946742, -1.88779, -1.829137, -1.772203, -1.717918, -1.666867, -1.619384, -1.575616, -1.499146, -1.436459, -1.385824, -1.345365, -1.313312], "full-CI": [-1.02679, -1.653117, -1.960194, -2.106997, -2.167561, -2.180317, -2.166387, -2.137971, -2.102608, -2.065229, -2.02907, -1.99615, -1.96756, -1.943692, -1.924431, -1.909332, -1.897781, -1.882713, -1.874652, -1.870473, -1.86835, -1.867291], "1-UpCCGSD": [-1.021341, -1.645681, -1.950015, -2.093247, -2.149262, -2.156255, -2.135154, -2.097847, -2.051712, -2.001733, -1.951858, -1.907068, -1.874992, -1.855595, -1.843899, -1.836558, -1.831571, -1.824636, -1.819035, -1.813631, -1.808139, -1.802595], "HEA": [-1.025604, -1.652973, -1.959714, -2.105944, -2.166741, -2.180041, -2.165954, -2.137632, -2.102244, -2.064667, -2.028233, -1.994992, -1.967519, -1.942357, -1.92437, -1.907883, -1.897011, -1.84991, -1.819161, -1.823451, -1.817961, -1.866578], "CCSD": [-1.026784, -1.653111, -1.960189, -2.106993, -2.167556, -2.180309, -2.16638, -2.137975, -2.102671, -2.065461, -2.029707, -1.997624, -1.970572, -1.949212, -1.933537, -1.92288, -1.916086, -1.90912, -1.905212, -1.901099, -1.896024, -1.890305], "UCCSD": [-1.026784, -1.653111, -1.960188, -2.10699, -2.167546, -2.180282, -2.166307, -2.137803, -2.10229, -2.064669, -2.028156, -1.994756, -1.965571, -1.941021, -1.813327, -1.82542, -1.834446, -1.846211, -1.852872, -1.856841, -1.859415, -1.861235], "UCCSD0": [-1.026784, -1.653111, -1.960188, -2.10699, -2.167546, -2.180282, -2.166308, -2.137805, -2.102294, -2.064677, -2.028172, -1.994784, -1.965615, -1.941087, -1.921134, -1.905376, -1.893255, -1.877499, -1.869427, -1.865801, -1.86458, -1.86454], "2-UpCCGSD": [-1.021341, -1.645681, -1.950015, -2.093248, -2.149256, -2.156276, -2.163776, -2.122036, -2.081925, -2.040293, -1.999745, -1.963698, -1.934458, -1.912541, -1.897242, -1.886959, -1.880206, -1.872774, -1.869427, -1.867845, -1.867074, -1.866687], "ADAPT": [-1.02678, -1.653101, -1.960188, -2.10699, -2.167545, -2.180279, -2.166302, -2.137793, -2.102273, -2.064601, -2.028118, -1.994695, -1.965513, -1.940975, -1.921024, -1.905283, -1.893192, -1.882347, -1.874385, -1.8703, -1.868247, -1.867091], "qubit-ADAPT": [-1.025751, -1.651632, -1.959029, -2.105966, -2.166314, -2.17882, -2.165386, -2.136513, -2.101279, -2.063869, -2.027808, -1.994614, -1.965961, -1.942201, -1.922848, -1.907761, -1.89625, -1.853055, -1.859752, -1.863148, -1.864832, -1.865646], "QUCC": [-1.026784, -1.653111, -1.960188, -2.10699, -2.167546, -2.180282, -2.166308, -2.137805, -2.102294, -2.064677, -2.028171, -1.994782, -1.965612, -1.941082, -1.921129, -1.90537, -1.893251, -1.877507, -1.869459, -1.865861, -1.867131, -1.8664], "QCC": [-1.025751, -1.651632, -1.959029, -2.105966, -2.166314, -2.17882, -2.165136, -2.136518, -2.101365, -2.064079, -2.028224, -1.994908, -1.966029, -1.941835, -1.921924, -1.904497, -1.893088, -1.853055, -1.859752, -1.863148, -1.864832, -1.865646]}}