{"meta": {"transformation": "jordan_wigner", "optimizer": "bfgs", "simulator": "mindspore", "package": "mindquantum", "mol_name": "LiH"}, "bond_lengths": [0.7, 0.8, 0.9, 1.0, 1.1, 1.2, 1.3, 1.4, 1.5, 1.6, 1.7, 1.8, 1.9, 2.0, 2.2, 2.4, 2.6, 2.8, 3.0], "energies": {"Hartree-Fock": [-7.485945, -7.61577, -7.705753, -7.767362, -7.808743, -7.835616, -7.851954, -7.860539, -7.863358, -7.861865, -7.857145, -7.850019, -7.841112, -7.830906, -7.807994, -7.783382, -7.758404, -7.733991, -7.71083], "full-CI": [-7.505052, -7.634167, -7.723424, -7.78446, -7.825537, -7.852431, -7.86914, -7.878454, -7.882362, -7.882324, -7.879434, -7.874524, -7.868241, -7.861088, -7.845684, -7.830632, -7.8174, -7.806763, -7.798843], "1-UpCCGSD": [-7.504287, -7.633553, -7.722975, -7.784148, -7.825317, -7.852265, -7.869002, -7.878327, -7.882238, -7.882197, -7.879301, -7.874384, -7.868093, -7.86093, -7.84551, -7.830431, -7.817168, -7.8065, -7.798559], "HEA": [-7.503916, -7.548259, -7.722581, -7.783041, -7.824065, -7.850872, -7.867733, -7.877393, -7.880904, -7.881157, -7.878107, -7.873003, -7.866877, -7.85962, -7.844564, -7.829253, -7.816742, -7.806211, -7.79809], "CCSD": [-7.505042, -7.634161, -7.723418, -7.784455, -7.825531, -7.852424, -7.869133, -7.878445, -7.882353, -7.882314, -7.879422, -7.874511, -7.868225, -7.86107, -7.845659, -7.830598, -7.817352, -7.806699, -7.798762], "UCCSD": [-7.505041, -7.634157, -7.723418, -7.784455, -7.825531, -7.852425, -7.869133, -7.878445, -7.882353, -7.882313, -7.879421, -7.87451, -7.868224, -7.861068, -7.845654, -7.830585, -7.817323, -7.806638, -7.798659], "UCCSD0": [-7.505042, -7.634161, -7.723418, -7.784455, -7.825531, -7.852425, -7.869133, -7.878445, -7.882353, -7.882314, -7.879421, -7.87451, -7.868225, -7.861069, -7.845657, -7.830594, -7.817345, -7.806686, -7.798742], "2-UpCCGSD": [-7.504912, -7.634049, -7.72333, -7.784382, -7.825482, -7.852394, -7.869112, -7.878433, -7.882343, -7.882215, -7.879319, -7.874405, -7.868218, -7.860956, -7.845649, -7.830588, -7.817349, -7.806739, -7.798796], "ADAPT": [-7.502731, -7.633651, -7.72305, -7.783851, -7.824812, -7.851736, -7.868725, -7.878337, -7.880351, -7.882264, -7.878842, -7.8744, -7.868096, -7.860226, -7.844666, -7.829997, -7.816868, -7.806225, -7.798378], "qubit-ADAPT": [-7.50362, -7.632776, -7.722253, -7.783438, -7.824599, -7.85152, -7.867568, -7.87695, -7.880798, -7.880756, -7.877876, -7.872947, -7.86691, -7.85961, -7.844442, -7.829302, -7.815974, -7.805647, -7.797335], "QUCC": [-7.505039, -7.634159, -7.723416, -7.784454, -7.825531, -7.852424, -7.869133, -7.878446, -7.882353, -7.882315, -7.879423, -7.874512, -7.868227, -7.861072, -7.845663, -7.830604, -7.817363, -7.806716, -7.798785]}}