{"meta": {"transformation": "jordan_wigner", "optimizer": "bfgs", "simulator": "mindspore", "package": "mindquantum", "mol_name": "BeH2"}, "bond_lengths": [0.6, 0.7, 0.8, 0.9, 1.0, 1.1, 1.2, 1.3, 1.4, 1.5, 1.6, 1.7, 1.8, 1.9, 2.0, 2.2, 2.4, 2.6, 2.8, 3.0], "energies": {"Hartree-Fock": [-14.370075, -14.841438, -15.145999, -15.338455, -15.455668, -15.521999, -15.553586, -15.561278, -15.55246, -15.532213, -15.504086, -15.470606, -15.433626, -15.394538, -15.354417, -15.274312, -15.198367, -15.129993, -15.071466, -15.02421], "full-CI": [-14.405649, -14.87133, -15.172805, -15.364151, -15.481741, -15.549638, -15.583812, -15.595047, -15.590743, -15.576051, -15.554624, -15.529121, -15.501545, -15.473451, -15.446094, -15.39763, -15.362874, -15.344704, -15.338355, -15.336804], "1-UpCCGSD": [-14.396347, -14.862588, -15.164294, -15.355349, -15.472082, -15.538579, -15.570837, -15.579646, -15.572372, -15.554115, -15.528463, -15.498019, -15.464737, -15.430735, -15.397058, -15.344141, -15.328705, -15.327925, -15.330023, -15.332242], "HEA": [-14.398108, -14.869868, -12.165996, -12.962747, -13.535983, -15.525412, -14.32406, -15.576304, -15.570077, -15.56551, -15.524379, -13.788207, -15.2906, -14.120642, -15.184637, -15.200102, -15.298607, -14.089472, -15.158261, -14.347406], "CCSD": [-14.405159, -14.870945, -15.172484, -15.363863, -15.481463, -15.549351, -15.583493, -15.594673, -15.590282, -15.575461, -15.553845, -15.528068, -15.500093, -15.471423, -15.443248, -15.392261, -15.355002, -15.338069, -15.334567, -15.334972], "UCCSD": [-14.405184, -14.870965, -15.172502, -15.363875, -15.481473, -15.549362, -15.583505, -15.594685, -15.590295, -15.575474, -15.553859, -15.528083, -15.500107, -15.47143, -15.443239, -15.392074, -15.353418, -15.330835, -15.3208, -15.318502], "UCCSD0": [-14.405177, -14.870961, -15.172498, -15.363875, -15.481474, -15.549362, -15.583505, -15.594685, -15.590295, -15.575475, -15.55386, -15.528085, -15.500109, -15.471435, -15.443244, -15.392095, -15.353485, -15.330828, -15.320582, -15.31802], "2-UpCCGSD": [-14.396634, -14.862839, -15.164527, -15.355562, -15.472282, -15.538776, -15.571037, -15.57985, -15.572582, -15.55433, -15.528685, -15.49825, -15.482379, -15.45201, -15.422957, -15.374678, -15.347972, -15.338537, -15.336315, -15.335886], "ADAPT": [-14.404683, -14.870296, -15.172112, -15.363299, -15.477851, -15.548808, -15.582897, -15.594382, -15.589556, -15.574793, -15.548989, -15.527005, -15.498885, -15.470233, -15.441556, -15.391536, -15.357458, -15.332637, -15.335717, -15.333183], "QUCC": [-14.40516, -14.870946, -15.172485, -15.363874, -15.481474, -15.549361, -15.583504, -15.594684, -15.590294, -15.575473, -15.553856, -15.52808, -15.500103, -15.471429, -15.443237, -15.392093, -15.353577, -15.330914, -15.320213, -15.317007]}}