{"J": [[0, 1], [9, 10], [2, 4], [0, 5], [3, 11], [10, 11], [1, 7], [1, 9], [0, 10], [2, 7], [0, 6], [8, 10], [0, 2], [8, 11], [3, 5], [1, 5], [7, 9], [2, 10], [3, 6], [5, 10], [2, 5], [4, 7], [3, 10]], "c": [2.0910776869640184, 8.945739961020312, 0.7648114258195965, 9.855056748865769, 1.0150335765365248, 1.5976241581023405, 10.020675753078606, 2.297176222740342, 9.675917176677652, 10.44309516941436, 10.619710457071683, 2.4146299009291425, 10.371954076881048, 0.5605409767822938, 9.943218575610297, 11.788671180750516, 11.276580552796036, 9.255155876198065, 0.6150235157974158, 2.669241393807159, 9.93416764003582, 10.482083151390153, 1.5726037730098488]}