{"J": [[7, 9], [5, 9], [1, 10], [2, 9], [2, 10], [1, 11], [3, 4], [5], [0, 6], [7, 8], [2, 3], [3, 6], [6, 10], [0, 8], [6], [0, 11], [0], [8, 11], [0, 9], [3, 10], [5, 8], [0, 1], [11]], "c": [0.02009442382655746, 0.46727304592980445, 1.6673181664082275, 8.877414625871367, 10.400687392837, 0.4810978714512901, 0.8603743123207324, 0.669215327031804, 0.7677302303632748, 10.726957807024549, 1.6201595075528628, 8.294939182759375, 0.15258155008486984, 9.614015834276952, 9.492929660270235, 2.1471107650921466, 0.5040879861018259, 8.960336013010643, 1.641745886945065, 9.99040453083162, 10.557614638808541, 8.552299718984308, 0.6075395540576434]}