{"J": [[7, 8], [0, 6], [11], [6, 8], [1, 7], [5, 8], [2, 5], [2, 7], [1, 10], [6, 10], [3, 11], [2, 6], [1, 2], [5, 10], [3, 8], [8, 11], [1], [2, 8], [2, 11], [1, 3], [3, 6], [4], [3, 10], [6, 7], [8], [6], [1, 6], [2, 9], [0, 9], [0, 1], [4, 11], [7, 10], [0, 5], [2], [2, 10], [3, 7], [2, 3], [4, 10], [4, 6], [10], [3, 5], [1, 9], [9, 11], [3, 9], [1, 8], [7]], "c": [9.99188313340715, 9.27676029402922, 2.3811380861270326, 12.32428652046292, 10.184864518238069, 11.469912730922296, 0.5953678177704367, 1.089304049643819, 7.304971556057426, 9.740080380657957, 2.9892405726598055, 1.8792870065185305, 11.209115247703277, 1.5405783788503782, 10.834752557898298, 10.953864218642035, 1.38741342477775, 0.46521965488086503, 0.13826812458331028, 10.078147695144189, 0.9222040328476542, 1.5831671265331084, 10.692154138233033, 2.0910776869640184, 8.945739961020312, 0.7648114258195965, 9.855056748865769, 1.0150335765365248, 1.5976241581023405, 10.020675753078606, 2.297176222740342, 9.675917176677652, 10.44309516941436, 10.619710457071683, 2.4146299009291425, 10.371954076881048, 0.5605409767822938, 9.943218575610297, 11.788671180750516, 11.276580552796036, 9.255155876198065, 0.6150235157974158, 2.669241393807159, 9.93416764003582, 10.482083151390153, 1.5726037730098488]}