{"J": [[5, 9], [1, 2], [8, 11], [2, 8], [1, 4], [4, 7], [2, 3], [7, 8], [1, 10], [6, 7], [3, 7], [4, 8], [1, 6], [2, 9], [3, 4], [7, 11], [4], [3, 8], [3, 11], [4, 10], [0, 2], [3, 6], [3, 10], [10, 11], [1, 8], [6, 11], [2, 11], [9], [2, 4], [5, 6], [1, 5], [3], [0, 11], [2, 10], [3, 9], [6, 10], [7], [8], [0, 9], [1, 3], [0, 10], [8, 9], [0, 1], [6, 8], [6, 9], [3, 5]], "c": [10.737347726754894, 10.216706739452082, 1.3076853759280405, 2.199178971979544, 10.102051646574226, 9.453637335913777, 8.87656309804819, 8.549490518896121, 1.943677354839069, 2.814465096402407, -0.47977025143319163, 2.4942949120843236, 10.639918114985107, 0.961468165744078, 0.5813708078687667, 0.05022503923696586, 10.179193912526419, 10.128598402803174, 9.53756056033866, 0.6300382414725787, 10.55249893512765, 0.6798318504863019, 0.5339162176512093, 0.00967126019800002, 1.4639126429139877, 2.353611224990115, 8.808287446596692, -1.4887659086390586, 0.09042469436018041, 9.512705377518332, 10.791109298163096, 0.3197548364484891, 0.3645685950763268, 1.0499632986025675, 11.070680321087092, 9.311110399114613, 1.0872180587013403, 11.053501032566725, 9.314277777579065, 1.7223000072201127, 0.38017541075994643, 10.250350460664706, 2.4830954105230365, 10.682714353312223, 11.777770047125156, 11.151597503991518]}