{"J": [[10, 11], [3], [0, 2], [7, 11], [1, 2], [7, 9], [2, 10], [0], [0, 4], [2, 5], [9, 11], [8, 10], [7], [9, 10], [1, 5], [2, 7], [6, 8], [2, 11], [0, 1], [1, 8], [11], [1, 9], [0, 9]], "c": [10.665962541130881, 9.081785809241534, 9.841178987500586, 0.8170593596834783, 0.3386360184287488, 11.567606273104996, 10.642511291701016, 12.105158835445748, 0.6618207069220867, 7.819207948618706, 1.4437267788298789, 2.1187804754671316, 8.11926518904869, -0.32318178784794815, 10.622711957902577, -0.022041834605077915, 0.9610357998909222, -0.0007429472180344732, 10.031198542785813, 10.310192000960841, 9.129759961136388, 11.906505652702906, 10.656182019799468]}