{"J": [[0], [1], [0, 4], [4, 5], [2, 4], [3, 6], [5, 10], [0, 8], [1, 10], [2, 8], [1, 3], [3, 11], [3], [4, 10], [0, 7], [2, 9], [6], [3, 5], [0, 3], [5, 7], [3, 10], [6, 9], [1, 11], [4, 7], [11], [5, 8], [6, 11], [10], [8, 9], [2, 10], [7, 10], [7, 11], [2, 11], [1, 9], [0, 9], [0, 6], [4], [0, 10], [0, 2], [9, 10], [6, 10], [1, 5], [5, 11], [0, 1], [6, 8], [1, 2], [0, 5], [5, 9], [6, 7], [4, 6], [9, 11], [2], [2, 6], [1, 8], [1, 7], [2, 7], [4, 9], [1, 4], [2, 5], [3, 4], [8], [5], [4, 11], [5, 6], [1, 6], [3, 8], [8, 11], [4, 8], [3, 9], [0, 11]], "c": [0.13365460947415708, 9.840400521006137, 8.748465386965284, 9.554795700238323, 0.831671750791885, 9.841425713786624, 10.346666435950798, 9.458755497988726, 0.3768476273597977, 9.719432141043582, 1.912809460579345, 9.302808074333376, 1.820026740856148, 10.888835078563455, 10.711228556746864, 0.742329560658971, 0.8244951298203269, 0.03588588345560184, 1.2287743851631214, 1.8338590235576908, 10.542021308335679, 1.2414964360040615, 9.356337678009925, 10.246103799198451, -0.7002149657307704, 10.626619822386735, 10.463134021033346, 9.93512056820555, 3.8099643205552485, 0.503834395191141, 10.055003771386255, 9.54192592324795, 7.969074735915498, 10.658217841583939, 9.138266964491024, 1.0869824320247745, 8.44573390702672, 0.6659918092274686, 1.3756172368426156, 0.7076095894253054, 10.363094315445881, 0.6128148625957317, 10.90133640522706, 11.106360383758055, 12.497449475614872, 0.7718242282740462, 8.690786273395215, 8.927237634796219, 10.873326481596697, 1.1836643817355532, 7.822924206125534, 2.1194729739013045, 10.589100784324131, 10.644407000943573, 2.0767181919708433, 10.30374966271621, 0.2412272131376113, 10.439134320727657, 1.4935426549476014, 9.302405828220001, 2.8914089845153725, 0.4016575085726116, 10.050173227677611, 9.731379021207081, 1.3206607615058137, 1.5479762866615028, -0.3870569547064777, 10.737494392530586, 0.5606640919550389, 2.1491244271253285]}