{"J": [[4, 8], [1, 4], [9], [2, 8], [8, 11], [2, 5], [0, 6], [1, 11], [6, 11], [0, 1], [6, 7], [1, 6], [9, 11], [3, 11], [0, 11], [7, 10], [4, 9], [0, 3], [0, 9], [7, 9], [3, 10], [3, 6], [4, 6]], "c": [10.233410449659011, 3.054579180353865, -1.6054099491408453, 1.6451165527918743, 11.654557195251549, 0.9559621388186782, 10.37326083345997, 2.05963388719106, 11.533542626747487, 0.5374658819302072, 2.108261370713163, 9.383677237592279, 10.152212428466699, 2.3980761559563764, 9.633081728990405, 1.6824814372321346, 1.0289153895656415, 10.088359216851623, 0.7738771196316616, 1.3516325896688135, 9.859860279581584, 10.09828000859997, 9.93184176453293]}