{"J": [[7, 10], [6, 7], [10, 11], [6], [4, 10], [3, 4], [1], [6, 9], [3, 5], [1, 11], [0, 9], [1, 7], [0, 2], [8, 10], [8], [5, 10], [4, 11], [9, 11], [11], [7, 11], [6, 8], [0, 10], [0, 8]], "c": [10.318224162616616, 1.8514134614368887, 0.6228666453752858, 9.193651151638138, 11.133053697223025, 2.9581378800737532, 9.342883963954186, 0.5006117572743067, 0.024712447591844988, 1.3565529881521994, 9.920765438711367, 2.6785906576073772, 9.358522540003765, 0.733950675192349, 8.737773897600043, 1.5951858833244223, 0.4957938809733976, 11.111050199657127, 0.17262405178563556, 9.722879287033866, 9.84473520221407, 10.586790183657827, 0.691002970667178]}