{"J": [[6, 11], [3, 11], [6, 10], [2, 4], [0, 7], [1, 10], [3, 8], [1, 4], [0, 8], [5, 10], [2], [0, 5], [2, 5], [4, 7], [1, 9], [3, 5], [1, 6], [7, 10], [4, 8], [5, 11], [10], [1, 3], [4, 11], [1, 7], [2, 6], [2, 10], [7], [7, 11], [0, 6], [8, 11], [9, 10], [2, 9], [9], [0, 9], [4, 6], [6, 8], [1, 2], [5], [0, 11], [8, 9], [5, 7], [0, 1], [8], [2, 3], [6, 9], [1, 8]], "c": [0.2412490680487619, 1.1511581929267596, 10.665258790398795, 1.6061795610615759, 9.399739044208829, 0.38961968530696256, 1.7480422330369385, 10.925190804077165, 1.524822078296795, 9.722261828028909, 0.3837751563654397, 9.667860787657206, 1.8224447717493955, -0.23188413710979283, 0.660692357051448, 1.5359894846020716, 0.6575134459446261, 1.6945873338428301, 9.677069870869612, 10.145924256057361, 1.8186688545820757, 11.109117107434887, 1.2207743851183799, 9.90110747003778, 0.5275773734647916, 0.5022594185575977, 1.3294738214620714, 8.827004145865406, 10.045758912352953, 1.4458116257929585, 0.4607814335042085, 1.373865482800968, 0.2561261853535064, 9.86435416300465, 1.5905179359018426, 0.7650091779279389, 1.5901100025596386, 10.823021506481464, 9.011741542961651, 0.1958343627714907, 0.6535813970616395, 10.412923940674524, 9.724971457859983, 10.916612365588433, 9.120400559203102, 1.6185830796204848]}