{"J": [[1, 5], [10], [1, 2], [0, 4], [0, 2], [3, 5], [2], [8, 10], [1, 8], [6, 9], [5, 7], [1, 3], [5, 10], [1, 4], [1], [0, 8], [3, 8], [4, 11], [4, 8], [0, 11], [6, 10], [3, 11], [0, 6], [6, 7], [4], [4, 6], [3, 9], [2, 3], [3, 6], [3, 10], [1, 7], [9, 10], [0, 9], [10, 11], [2, 4], [0, 1], [7, 9], [9], [5], [0, 7], [7], [9, 11], [0, 3], [7, 8], [4, 5], [8, 11], [6, 8], [2, 9], [1, 6], [11], [5, 6], [6], [5, 8], [3, 4], [0, 10], [6, 11], [7, 11], [1, 9], [2, 7], [0], [2, 10], [3], [5, 11], [1, 11], [3, 7], [2, 6], [2, 11], [5, 9], [0, 5], [2, 8]], "c": [-0.5958272546537708, 9.454950952101969, 9.255866560908412, 10.07478433512354, 0.8953482421860193, 9.648194339652873, 7.551433317418365, 10.079438675433014, 0.7695206171191126, 0.9810908613244131, 10.124040515483712, 0.4308345611083243, 11.612102657165707, 0.4942526704825815, 1.9326910136173336, 2.143157065653749, 2.0624276466653355, 10.63906925923005, 1.3078966744394747, 1.5692584667986824, 2.404975315229344, 8.708952616314164, 8.988383483008167, 10.619549329830535, 1.1301146386260592, 11.082955304097249, 2.4249052047489874, 9.6399213049615, 8.712941697131013, 1.0562097595918942, 11.884668875740806, 0.49402203978994863, 1.4976080700285834, 11.736626299690286, 1.4301593702960589, 10.896227316755455, 1.0328954463976607, 0.43051579731916245, 8.472279371703506, -0.49125715857434726, 0.41684161902373373, 0.18142493408792482, 8.822879839299622, 0.8981030752831041, 2.8802189931996356, 9.63972743252858, 2.060887870057184, 0.7609226346983602, 8.871924638374027, 10.940600344403755, 10.042124133005178, 10.500384954549153, 9.061605578281776, 10.072589891057877, 9.486327551267545, 1.709527542195918, -0.449510692546621, 10.212443736166472, 8.778548638683297, 8.595245380132129, 0.5257041235332731, 10.31112440189932, 10.155730193468433, -0.2073908510709237, 2.7123687031760184, 0.22495697093454636, 9.410139253734169, 10.186107782872218, 1.6323360519419285, -0.129216075945902]}