{"J": [[4, 7], [6, 10], [0, 6], [2, 10], [2, 6], [7, 8], [9, 10], [11], [6, 8], [1, 7], [5, 8], [2, 5], [2, 7], [1, 10], [3, 11], [3, 9], [0, 7], [7, 10], [5, 6], [5, 7], [1, 9], [4, 6], [1, 2]], "c": [9.99188313340715, 9.27676029402922, 2.3811380861270326, 12.32428652046292, 10.184864518238069, 11.469912730922296, 0.5953678177704367, 1.089304049643819, 7.304971556057426, 9.740080380657957, 2.9892405726598055, 1.8792870065185305, 11.209115247703277, 1.5405783788503782, 10.834752557898298, 10.953864218642035, 1.38741342477775, 0.46521965488086503, 0.13826812458331028, 10.078147695144189, 0.9222040328476542, 1.5831671265331084, 10.692154138233033]}