{"J": [[6], [4, 10], [3, 4], [1], [6, 9], [3, 5], [7, 10], [1, 11], [0, 9], [1, 7], [0, 2], [9, 11], [8], [0, 6], [0, 11], [8, 11], [6, 10], [0, 10], [0, 8], [5, 7], [0, 5], [1, 10], [10], [1, 2], [4, 8], [1, 8], [1, 6], [4, 11], [2, 9], [7, 9], [5, 10], [2], [7], [3, 7], [4, 9], [4, 6], [2, 10], [11], [7, 11], [10, 11], [3], [9, 10], [5, 11], [6, 8], [0, 3], [3, 6]], "c": [10.318224162616616, 1.8514134614368887, 0.6228666453752858, 9.193651151638138, 11.133053697223025, 2.9581378800737532, 9.342883963954186, 0.5006117572743067, 0.024712447591844988, 1.3565529881521994, 9.920765438711367, 2.6785906576073772, 9.358522540003765, 0.733950675192349, 8.737773897600043, 1.5951858833244223, 0.4957938809733976, 11.111050199657127, 0.17262405178563556, 9.722879287033866, 9.84473520221407, 10.586790183657827, 0.691002970667178, 1.2217191418404956, -1.3527510563081528, 10.00874787766531, 0.9624163758575659, 9.638843896087078, 1.9309286753753248, 0.35152828334288766, 0.2685390931286543, 1.0903416050671686, 1.2281288153544705, 0.6929402544283697, 0.6797933476666691, 11.131694769559278, 10.037643978921157, 10.542225617983833, 11.544334190658303, 1.6310135423282572, 11.288969089380206, 10.411115084580297, 11.092587892670247, 2.2490239678449804, 10.041845400209127, 0.06999492698589982]}