{"J": [[2, 8], [0, 3], [9, 10], [1, 10], [6, 7], [3, 5], [4, 8], [1, 6], [6], [7], [2, 5], [7, 10], [2, 10], [5, 6], [6, 10], [6, 9], [7, 11], [0], [2, 6], [9, 11], [5], [2, 4], [0, 4], [8, 11], [0, 5], [3, 10], [1, 9], [2, 3], [11], [5, 11], [4, 5], [1, 2], [3], [6, 11], [2], [1, 7], [2, 11], [1, 5], [0, 9], [8, 10], [1, 4], [4], [6, 8], [3, 11], [2, 9], [5, 10]], "c": [1.3078966744394747, 1.5692584667986824, 2.404975315229344, 8.708952616314164, 8.988383483008167, 10.619549329830535, 1.1301146386260592, 11.082955304097249, 2.4249052047489874, 9.6399213049615, 8.712941697131013, 1.0562097595918942, 11.884668875740806, 0.49402203978994863, 1.4976080700285834, 11.736626299690286, 1.4301593702960589, 10.896227316755455, 1.0328954463976607, 0.43051579731916245, 8.472279371703506, -0.49125715857434726, 0.41684161902373373, 0.18142493408792482, 8.822879839299622, 0.8981030752831041, 2.8802189931996356, 9.63972743252858, 2.060887870057184, 0.7609226346983602, 8.871924638374027, 10.940600344403755, 10.042124133005178, 10.500384954549153, 9.061605578281776, 10.072589891057877, 9.486327551267545, 1.709527542195918, -0.449510692546621, 10.212443736166472, 8.778548638683297, 8.595245380132129, 0.5257041235332731, 10.31112440189932, 10.155730193468433, -0.2073908510709237]}