{"J": [[2, 10], [1, 11], [3, 4], [5], [0, 6], [7, 8], [7, 9], [2, 3], [3, 6], [7, 11], [0, 8], [6], [8, 9], [1], [10, 11], [3, 10], [0, 9], [0, 1], [11], [0, 7], [4, 6], [1, 8], [7, 10], [3], [10], [6, 10], [4, 5], [1, 9], [6, 7], [0, 5], [1, 4], [4, 9], [1, 5], [5, 9], [3, 5], [8], [9, 10], [1, 2], [0], [1, 7], [3, 11], [3, 7], [0, 4], [7], [0, 10], [2, 8], [5, 10], [2, 9], [2, 7], [4, 10], [6, 11], [2, 6], [3, 9], [5, 11], [0, 2], [0, 11], [1, 10], [0, 3], [4, 7], [4], [3, 8], [1, 3], [4, 11], [2, 4], [1, 6], [9, 11], [6, 9], [8, 10], [5, 6], [5, 8]], "c": [8.877414625871367, 10.400687392837, 0.4810978714512901, 0.8603743123207324, 0.669215327031804, 0.7677302303632748, 10.726957807024549, 1.6201595075528628, 8.294939182759375, 0.15258155008486984, 9.614015834276952, 9.492929660270235, 2.1471107650921466, 0.5040879861018259, 8.960336013010643, 1.641745886945065, 9.99040453083162, 10.557614638808541, 8.552299718984308, 0.6075395540576434, 10.316562448487769, 1.194940793354509, 9.946110639735242, 0.9444313886465485, 1.2462340334691309, 10.790223289445391, 10.123980932288244, -0.23695027996602636, 8.718763063640838, 9.320220487715837, 1.3954566664408583, -0.7145678307249999, 1.5863405430676125, 9.629776106702113, 8.798909155446866, 1.3038901092632995, 0.7013453587281506, -2.30261877062452, 1.312070131774401, 1.1791731623069497, -0.6251012677890868, 10.784934052946998, 10.79344178691485, -1.0639700646215067, 11.199523959069932, 8.373369072887046, 11.949902828523346, 1.3988630662096717, 0.9298289869539743, 11.088115422521755, 1.0625080437849506, 1.9604264703791434, 8.970064713915269, 0.9391310203635711, -0.11705388729588773, 8.366837011884131, 9.408830096496015, -0.14816806221632484, -0.30631499069653034, 0.7018644057876543, 11.784788706813929, 1.2690030882235677, 2.3735719637023927, 2.498901169375233, 10.747460579558547, 0.38024957917530555, 0.2412490680487619, 1.1511581929267596, 10.665258790398795, 1.6061795610615759]}