{"J": [[4, 10], [4, 8], [1, 4], [9], [2, 8], [8, 10], [2, 5], [0, 6], [1, 11], [6, 11], [0, 1], [6, 7], [1, 6], [9, 10], [3, 11], [11], [7, 9], [4, 9], [0, 3], [0, 9], [0, 11], [3, 10], [3, 6], [4, 6], [2], [2, 7], [3, 5], [2, 4], [1, 3], [3, 9], [3, 8], [2, 10], [4], [7], [5, 8], [3], [2, 3], [8], [0, 2], [5], [5, 10], [5, 11], [0, 4], [1, 10], [10], [2, 11]], "c": [10.233410449659011, 3.054579180353865, -1.6054099491408453, 1.6451165527918743, 11.654557195251549, 0.9559621388186782, 10.37326083345997, 2.05963388719106, 11.533542626747487, 0.5374658819302072, 2.108261370713163, 9.383677237592279, 10.152212428466699, 2.3980761559563764, 9.633081728990405, 1.6824814372321346, 1.0289153895656415, 10.088359216851623, 0.7738771196316616, 1.3516325896688135, 9.859860279581584, 10.09828000859997, 9.93184176453293, 10.665962541130881, 9.081785809241534, 9.841178987500586, 0.8170593596834783, 0.3386360184287488, 11.567606273104996, 10.642511291701016, 12.105158835445748, 0.6618207069220867, 7.819207948618706, 1.4437267788298789, 2.1187804754671316, 8.11926518904869, -0.32318178784794815, 10.622711957902577, -0.022041834605077915, 0.9610357998909222, -0.0007429472180344732, 10.031198542785813, 10.310192000960841, 9.129759961136388, 11.906505652702906, 10.656182019799468]}