{"J": [[2, 3], [6, 8], [2, 10], [8, 9], [4, 8], [0, 3], [3, 4], [1, 8], [1, 9], [5, 8], [3, 8], [0, 6], [1, 4], [3, 9], [6, 7], [2, 8], [8, 10], [9, 10], [9], [0, 5], [1, 3], [2, 9], [0, 10]], "c": [0.00967126019800002, 1.4639126429139877, 2.353611224990115, 8.808287446596692, -1.4887659086390586, 0.09042469436018041, 9.512705377518332, 10.791109298163096, 0.3197548364484891, 0.3645685950763268, 1.0499632986025675, 11.070680321087092, 9.311110399114613, 1.0872180587013403, 11.053501032566725, 9.314277777579065, 1.7223000072201127, 0.38017541075994643, 10.250350460664706, 2.4830954105230365, 10.682714353312223, 11.777770047125156, 11.151597503991518]}