{"J": [[0, 9], [5, 8], [1, 5], [1, 4], [1, 8], [5, 9], [4, 7], [10], [4, 8], [6, 11], [3, 11], [6, 10], [2, 4], [0, 7], [1, 10], [1, 2], [3, 9], [0, 1], [9], [1, 9], [1], [3, 6], [3, 8], [8], [0, 6], [9, 10], [3, 5], [0, 4], [4, 6], [1, 6], [8, 11], [7, 8], [7, 10], [1, 3], [4, 11], [1, 7], [2, 6], [2, 10], [7], [7, 9], [6, 9], [0, 5], [9, 11], [10, 11], [2, 9], [5, 11], [5], [11], [4, 5], [3], [6, 8], [6], [4], [2, 11], [5, 10], [0, 3], [3, 4], [0, 8], [2, 7], [8, 9], [0, 11], [0, 2], [2, 8], [8, 10], [2, 3], [6, 7], [2, 5], [3, 10], [5, 7], [4, 9]], "c": [9.399739044208829, 0.38961968530696256, 1.7480422330369385, 10.925190804077165, 1.524822078296795, 9.722261828028909, 0.3837751563654397, 9.667860787657206, 1.8224447717493955, -0.23188413710979283, 0.660692357051448, 1.5359894846020716, 0.6575134459446261, 1.6945873338428301, 9.677069870869612, 10.145924256057361, 1.8186688545820757, 11.109117107434887, 1.2207743851183799, 9.90110747003778, 0.5275773734647916, 0.5022594185575977, 1.3294738214620714, 8.827004145865406, 10.045758912352953, 1.4458116257929585, 0.4607814335042085, 1.373865482800968, 0.2561261853535064, 9.86435416300465, 1.5905179359018426, 0.7650091779279389, 1.5901100025596386, 10.823021506481464, 9.011741542961651, 0.1958343627714907, 0.6535813970616395, 10.412923940674524, 9.724971457859983, 10.916612365588433, 9.120400559203102, 1.6185830796204848, 7.774074071805683, 8.745296919832086, 1.136588667512654, 10.58568813377501, 11.833398228797368, 1.526564919224328, 9.354421880454606, 1.930761717143222, 8.652842511372778, 1.0656753080536008, 1.9011187273393402, 8.314730437369562, 9.061805261592113, 10.623872254448294, 1.1022805558741804, 10.434664818736296, 10.718070614625137, 10.091108806862302, 0.8977041288644407, 2.6340963450149095, 8.503655834918236, 0.781093117373423, 2.4529619106519798, 9.451905208668817, 10.992678558815374, -0.5958286135786477, 0.28692025830268286, 0.2567852541251847]}