{"J": [[4, 8], [2, 8], [2, 4], [6, 8], [3, 5], [11], [0, 8], [1, 3], [10], [4], [6, 7], [1, 6], [0, 9], [6, 9], [7, 9], [0, 5], [1, 4], [9], [5, 6], [3, 10], [9, 10], [8, 11], [7, 11], [4, 5], [3, 8], [4, 11], [3, 4], [3, 7], [0, 10], [1, 10], [8, 9], [1, 7], [0, 4], [7, 10], [10, 11], [5], [1, 11], [2], [2, 10], [1, 5], [0, 7], [6, 11], [0, 2], [2, 9], [6], [8]], "c": [7.774074071805683, 8.745296919832086, 1.136588667512654, 10.58568813377501, 11.833398228797368, 1.526564919224328, 9.354421880454606, 1.930761717143222, 8.652842511372778, 1.0656753080536008, 1.9011187273393402, 8.314730437369562, 9.061805261592113, 10.623872254448294, 1.1022805558741804, 10.434664818736296, 10.718070614625137, 10.091108806862302, 0.8977041288644407, 2.6340963450149095, 8.503655834918236, 0.781093117373423, 2.4529619106519798, 9.451905208668817, 10.992678558815374, -0.5958286135786477, 0.28692025830268286, 0.2567852541251847, -0.5958272546537708, 9.454950952101969, 9.255866560908412, 10.07478433512354, 0.8953482421860193, 9.648194339652873, 7.551433317418365, 10.079438675433014, 0.7695206171191126, 0.9810908613244131, 10.124040515483712, 0.4308345611083243, 11.612102657165707, 0.4942526704825815, 1.9326910136173336, 2.143157065653749, 2.0624276466653355, 10.63906925923005]}