{"J": [[4], [0], [9], [9, 10], [0, 2], [3, 9], [3], [6], [1, 3], [2, 5], [7, 8], [1], [4, 9], [5, 10], [0, 1], [3, 4], [4, 11], [2, 4], [1, 6], [1, 9], [0, 9], [3, 8], [4, 5], [1, 2], [0, 4], [1, 8], [1, 5], [3, 5], [7, 10], [1, 7], [5], [2, 10], [7, 11], [5, 7], [7], [3, 10], [6, 10], [10], [11], [2, 9], [2, 8], [6, 7], [8, 9], [0, 11], [2], [0, 3], [7, 9], [9, 11], [5, 8], [6, 9], [3, 7], [1, 11], [1, 10], [3, 6], [2, 6], [2, 11], [2, 7], [0, 10], [8, 10], [8], [5, 6], [3, 11], [4, 8], [6, 8], [0, 5], [4, 6], [2, 3], [1, 4], [0, 6], [10, 11]], "c": [10.64154722194038, 9.00814947221397, 10.804668623794113, 9.454466319287427, 0.7744952179958411, 0.008367303935906789, 1.0027792016527628, 0.5730375664040388, 0.8304685936161291, 2.0695252548056136, 11.331892860881212, 2.740972426514202, 8.708989610994657, 11.808027415633003, 7.8237356215848015, 0.4010868955441069, 10.611027462730808, 9.739279970726942, 9.768906487295444, 0.5340239069969948, 9.05673313183485, 0.8009931860369262, 1.045379644602551, 1.6134912412371132, 2.1804392258174863, 0.8033174265121552, 1.0882567305610704, 0.08049812773751963, 10.189935111365111, 10.342475276017733, 8.987047654196132, 1.3031063961187686, 10.991747753596181, 1.1691090297422115, 0.9695165905504277, 9.829139002977886, 9.972547636810436, 10.947671697094712, 9.77054940232486, 10.429497650067304, 9.774664718563034, 0.11858264035482147, 1.581661661756234, 11.393745357519238, 9.381057314481032, 1.0914542988499596, 11.068067912383233, 1.3646938771165005, 2.4038090633732683, 0.9077576732113912, 9.930000226945422, 1.027426618937162, 9.57203344766382, 9.57136618985801, 9.113477962426417, 9.050851399289488, 1.331726648008881, 0.15773237190499112, -0.49233468179004447, 1.8039737815268615, 11.193477099584651, 2.3703314874653465, 10.035766563000703, 9.337949144536296, 1.3090073726986375, 0.8542381469084578, 0.15601953983674088, 10.72757079383829, 10.71159973788827, 1.3533367074987481]}