{"J": [[3, 6], [2, 7], [5, 10], [8, 11], [5, 6], [7, 10], [4], [2, 6], [1, 2], [3, 11], [6, 7], [3, 8], [6, 8], [5, 11], [6, 10], [5, 9], [10], [7, 11], [1, 11], [3, 9], [2, 5], [0, 6], [0, 1]], "c": [9.207324628541938, 2.2238692674843286, 0.9618915974405051, 1.2242310142559776, 8.87933596255157, 9.578927849326142, 9.426848743044095, 9.306746010510194, 2.218823645281983, 10.873433855366656, 9.876221436204595, 10.303418000105252, 10.446776472728468, -0.08997243540657007, 9.916905405218534, 0.8250550975819525, 8.264677124507793, 0.9350866077091833, 1.0329754574535748, 1.2592580018346322, 10.439881722078962, -1.1577352488333408, 2.766747918613847]}