{"J": [[5, 9], [1, 2], [8, 11], [2, 8], [1, 4], [4, 7], [2, 3], [7, 8], [1, 10], [6, 7], [3, 7], [4, 8], [1, 6], [2, 9], [3, 4], [7, 11], [4], [3, 8], [3, 11], [4, 10], [0, 2], [3, 6], [3, 10]], "c": [10.737347726754894, 10.216706739452082, 1.3076853759280405, 2.199178971979544, 10.102051646574226, 9.453637335913777, 8.87656309804819, 8.549490518896121, 1.943677354839069, 2.814465096402407, -0.47977025143319163, 2.4942949120843236, 10.639918114985107, 0.961468165744078, 0.5813708078687667, 0.05022503923696586, 10.179193912526419, 10.128598402803174, 9.53756056033866, 0.6300382414725787, 10.55249893512765, 0.6798318504863019, 0.5339162176512093]}