{"J": [[6], [9, 11], [2, 9], [2, 6], [3, 10], [7], [6, 8], [4], [7, 8], [0, 4], [1, 10], [4, 7], [9], [8, 9], [8], [0, 10], [5], [10, 11], [2], [1, 6], [0, 5], [3, 11], [2, 10], [5, 10], [3, 4], [5, 9], [4, 6], [8, 11], [2, 11], [5, 7], [1, 11], [2, 8], [5, 8], [1, 9], [3, 6], [1, 8], [7, 11], [1, 3], [4, 10], [2, 3], [6, 9], [0, 1], [9, 10], [11], [6, 11], [2, 7]], "c": [2.7123687031760184, 0.22495697093454636, 9.410139253734169, 10.186107782872218, 1.6323360519419285, -0.129216075945902, 0.29492465425072256, 10.049724218419868, 9.223848875040485, 9.43331953241061, 11.058670689021568, 10.196578563733325, 0.19594657010458516, 1.495095765778179, -1.1247014069461203, 9.605675698861162, 12.191787153226752, 9.603868412859605, -0.3063176106785819, 0.10909888082198915, 9.900500525050237, 2.2761269569110834, -0.8245982203965332, 1.6610113702072165, 9.634334726296647, 9.06928652038005, 10.21439856568052, 10.024419956960008, -0.8907989900642801, 0.487612116415549, 0.8797265691029059, 10.54994818440937, 1.7071610774584332, 0.8543533696550888, 12.251746311579705, 9.391316030491623, 8.226441272639935, 1.8910949446011667, 1.3497551387568465, 1.733160680672988, 9.077034314310179, 9.994362439109098, 11.116873395498104, 11.216310386249322, -0.580415527326827, 11.97398220256811]}