{"J": [[7, 10], [4], [2, 6], [1, 2], [3, 11], [6, 7], [3, 8], [6, 8], [5, 11], [7, 11], [0, 9], [8], [10, 11], [2, 4], [1, 4], [11], [1, 7], [1, 8], [6, 11], [2, 9], [0], [9], [3, 9], [7], [1, 6], [3], [0, 7], [3, 10], [3, 4], [4, 10], [5], [3, 7], [4, 5], [8, 10], [1, 9], [5, 9], [0, 2], [2, 3], [1, 11], [0, 3], [5, 8], [5, 7], [0, 8], [1, 10], [4, 6], [4, 7]], "c": [9.207324628541938, 2.2238692674843286, 0.9618915974405051, 1.2242310142559776, 8.87933596255157, 9.578927849326142, 9.426848743044095, 9.306746010510194, 2.218823645281983, 10.873433855366656, 9.876221436204595, 10.303418000105252, 10.446776472728468, -0.08997243540657007, 9.916905405218534, 0.8250550975819525, 8.264677124507793, 0.9350866077091833, 1.0329754574535748, 1.2592580018346322, 10.439881722078962, -1.1577352488333408, 2.766747918613847, 0.02009442382655746, 0.46727304592980445, 1.6673181664082275, 8.877414625871367, 10.400687392837, 0.4810978714512901, 0.8603743123207324, 0.669215327031804, 0.7677302303632748, 10.726957807024549, 1.6201595075528628, 8.294939182759375, 0.15258155008486984, 9.614015834276952, 9.492929660270235, 2.1471107650921466, 0.5040879861018259, 8.960336013010643, 1.641745886945065, 9.99040453083162, 10.557614638808541, 8.552299718984308, 0.6075395540576434]}