{"J": [[6, 7], [5, 6], [1, 7], [5], [9, 11], [6, 11], [9], [2, 4], [0, 3], [3, 9], [3, 8], [8], [2, 11], [5, 10], [5, 9], [4, 10], [7, 8], [3, 11], [4, 5], [4, 6], [0, 6], [6, 9], [1, 5], [8, 9], [4, 7], [1, 3], [1, 11], [2, 10], [0, 5], [7], [1], [0, 4], [2, 3], [1, 6], [10], [7, 11], [0, 1], [0], [5, 8], [8, 10], [3], [6], [0, 10], [3, 5], [7, 9], [4, 9]], "c": [10.316562448487769, 1.194940793354509, 9.946110639735242, 0.9444313886465485, 1.2462340334691309, 10.790223289445391, 10.123980932288244, -0.23695027996602636, 8.718763063640838, 9.320220487715837, 1.3954566664408583, -0.7145678307249999, 1.5863405430676125, 9.629776106702113, 8.798909155446866, 1.3038901092632995, 0.7013453587281506, -2.30261877062452, 1.312070131774401, 1.1791731623069497, -0.6251012677890868, 10.784934052946998, 10.79344178691485, -1.0639700646215067, 11.199523959069932, 8.373369072887046, 11.949902828523346, 1.3988630662096717, 0.9298289869539743, 11.088115422521755, 1.0625080437849506, 1.9604264703791434, 8.970064713915269, 0.9391310203635711, -0.11705388729588773, 8.366837011884131, 9.408830096496015, -0.14816806221632484, -0.30631499069653034, 0.7018644057876543, 11.784788706813929, 1.2690030882235677, 2.3735719637023927, 2.498901169375233, 10.747460579558547, 0.38024957917530555]}