{"J": [[8, 11], [0, 2], [4, 10], [9, 11], [2, 4], [9, 10], [7, 11], [0, 9], [1, 8], [0], [6, 9], [0, 4], [1, 4], [3, 10], [4, 7], [1, 7], [2, 6], [4, 5], [11], [4, 8], [2, 11], [6, 10], [2, 5]], "c": [1.2217191418404956, -1.3527510563081528, 10.00874787766531, 0.9624163758575659, 9.638843896087078, 1.9309286753753248, 0.35152828334288766, 0.2685390931286543, 1.0903416050671686, 1.2281288153544705, 0.6929402544283697, 0.6797933476666691, 11.131694769559278, 10.037643978921157, 10.542225617983833, 11.544334190658303, 1.6310135423282572, 11.288969089380206, 10.411115084580297, 11.092587892670247, 2.2490239678449804, 10.041845400209127, 0.06999492698589982]}