{"J": [[1, 10], [1], [6, 7], [3, 8], [8, 10], [1, 2], [2, 9], [6], [3, 6], [2, 7], [2, 5], [0, 10], [8, 9], [2, 10], [8, 11], [6, 8], [0, 2], [3, 7], [4, 6], [4, 5], [10], [1, 9], [2, 11], [7, 8], [9, 11], [5], [2, 8], [7, 10], [4, 7], [5, 7], [6, 9], [5, 11], [6, 10], [1, 8], [1, 7], [7], [3, 9], [0, 8], [9], [1, 6], [5, 8], [2], [8], [1, 11], [3, 11], [5, 9], [0, 9], [2, 4], [0], [3, 10], [4], [4, 11], [3], [2, 6], [2, 3], [5, 10], [1, 4], [0, 5], [0, 11], [7, 11], [4, 8], [1, 5], [0, 7], [0, 3], [0, 6], [10, 11], [5, 6], [11], [4, 10], [4, 9]], "c": [0.4770109500798829, 11.099842943479814, 10.091887095735455, 0.775986415766143, 9.836824437748474, 12.340452723652838, 9.18304921778533, 0.9503569872577243, 9.756857173254334, 10.084766221480013, 1.1684102570554658, -0.12835311633349122, 10.770627652609864, 12.248525339621656, 1.0467219715286689, 10.330194297474472, 1.1658499416272243, 0.6819948325928462, 12.289786250264644, 10.645663988599484, 1.924128532546176, 8.762474531778848, 10.284314648182994, 1.0310039105368307, 1.7099508590429013, 2.3894207170128086, 8.316846393556727, 1.354348132137513, -0.1297881484522374, 0.28656855035802176, 0.22180613163733587, 11.356767571606126, 1.4110840948461565, 0.0840866050768233, -0.2689464810047786, 8.621860406661119, 9.4378684539166, 0.44400690524932074, -0.4521899155340996, 1.5372900386218968, 10.565426188437115, 11.105715555116069, 9.006696574835164, -0.5362039238178762, 2.0219512079521, 10.053774785260847, 9.695035738154285, 1.5798878984378604, 1.3508591058648545, 10.816532722086064, 9.310871476746646, 11.127512208817592, -0.4947225078550379, 2.2514411707187763, 2.494877940193383, 9.778958392514781, 11.49818776263711, 0.8231907404514291, -0.05700416111964457, 1.0380729806314728, 9.843647737579381, 1.4484399562395776, 10.104420174338712, 12.416463213240718, 10.151969534176436, 0.9406455230351243, 10.107566167990306, 1.5832362005802496, 1.238590800796342, 8.672856857932414]}