{"J": [[4], [0], [9], [9, 10], [0, 2], [3, 9], [3], [6], [1, 3], [2, 5], [7, 8], [1], [4, 9], [5, 10], [0, 1], [3, 4], [4, 11], [2, 4], [1, 6], [1, 9], [0, 9], [3, 8], [4, 5], [1, 2], [0, 4], [1, 8], [1, 5], [3, 5], [7, 10], [1, 7], [5], [2, 10], [7, 11], [5, 7], [7], [3, 10], [6, 10], [10], [11], [2, 9], [2, 8], [6, 7], [8, 9], [0, 11], [2], [0, 3], [7, 9], [9, 11], [5, 8], [6, 9], [3, 7], [1, 11], [1, 10], [3, 6], [2, 6], [2, 11], [2, 7], [0, 10], [8, 10], [8], [5, 6], [3, 11], [4, 8], [6, 8], [0, 5], [4, 6], [2, 3], [1, 4], [0, 6], [10, 11]], "c": [0.17004894226628764, 4.981533242129997, -0.3699796864304963, 2.121366599032548, 4.1740151801976, 1.1665649487488103, 1.9100700703530578, 2.6275143561885708, -2.48218869829242, 1.6665248690681125, -4.213346426935127, -1.1192636171479355, 4.305451683234892, 4.423126021634994, -1.0355344445223666, -4.2387506283303535, 4.365853690380076, -0.4170716566444357, -4.567656246397287, -0.9755271242461987, 3.994351521898542, -1.1773619561123927, 4.605474842399778, -3.5802350853301634, -1.973222426584754, -4.057756644424747, -0.4986348892581658, -4.597935204758704, 2.2602868017063606, 0.5343535205337488, 2.164569915632452, -1.6063609836316886, -0.5173580768824699, -3.5561251037058383, -1.3968449841225294, 3.232932346727404, 4.41908714280785, -1.1266901804988927, -0.4904196575399027, 1.6470815503574654, 4.084880786755269, -3.8224774058273834, 2.47216049045342, -2.8597157563706332, 1.9338527818774844, 3.814097412610897, -1.473587960828493, 1.6615399142641643, 3.4167457622804047, -1.3216281838158581, -2.859082359502243, 2.4801025978484788, -3.1524354412413915, -0.29576987654114717, 1.300323995239773, -1.4211711393302129, -1.2689164915020976, 1.2690607267474565, 2.0851582296334135, -0.36756387262815515, 4.932397679196582, -1.4910982402803907, -2.5033880453222834, -1.8741980693337377, -4.6201573722300635, -0.08496056883624536, 4.5214980614246265, -0.4279947733844738, -4.804579306447026, 4.275594417474016]}