{"J": [[1, 5], [10], [1, 2], [0, 4], [0, 2], [3, 5], [2], [8, 10], [1, 8], [6, 9], [5, 7], [1, 3], [5, 10], [1, 4], [1], [0, 8], [3, 8], [4, 11], [4, 8], [0, 11], [6, 10], [3, 11], [0, 6], [6, 7], [4], [4, 6], [3, 9], [2, 3], [3, 6], [3, 10], [1, 7], [9, 10], [0, 9], [10, 11], [2, 4], [0, 1], [7, 9], [9], [5], [0, 7], [7], [9, 11], [0, 3], [7, 8], [4, 5], [8, 11], [6, 8], [2, 9], [1, 6], [11], [5, 6], [6], [5, 8], [3, 4], [0, 10], [6, 11], [7, 11], [1, 9], [2, 7], [0], [2, 10], [3], [5, 11], [1, 11], [3, 7], [2, 6], [2, 11], [5, 9], [0, 5], [2, 8]], "c": [4.896934080559982, -4.403122419576224, -2.8283956834996826, -1.8557920719270204, 1.1914036271127024, 3.6843744082548078, 1.2745333337170397, -4.917062180167918, -2.6822759893445456, 0.3440348238513735, -0.06945675211681746, 2.5468961508952406, 0.16349322099802066, 4.991210041455542, 1.3299063982658677, -1.326056416737773, 0.5871262250570499, -4.624721299781399, 1.477159441308535, -1.8076209398829857, -1.0637534363189571, -4.193695100209477, -1.8568235784465967, 3.1914995364407, 2.0939807268333057, -2.3599161382687637, 3.8214894378174176, -3.6914976075868635, 1.6869440492710321, 1.072856315599788, -4.012708175325248, 0.8817889474019847, 1.674332089924774, -1.311886720560429, 4.426274540193846, -4.827366293931531, 1.351304216821239, 1.8109651190451714, -1.254112859182086, -4.391433120934527, 3.789310394418587, 3.935480405980462, 3.4424733146768887, 4.002322730490764, 1.0007468560510286, 3.601418583775315, 4.658344170454123, -2.7564185681430944, 1.589827831683241, 4.226100126421535, -2.2309865701750677, -1.9460877985256007, -4.9302243828231775, -1.2845685009131556, -0.7876236470437545, 1.1217714139119828, -4.858224371157606, -4.5897616080449, 4.069192482414541, 3.4188993257096207, -4.456300521460326, -3.1099630505508857, -3.112152322144027, -2.5929403673596463, -0.26767349380683836, 0.7912240824988093, 0.04116497147615217, -4.862379078471529, 3.5081452187208466, -4.023111833288532]}