{"J": [[3, 6], [2, 7], [5, 10], [8, 11], [5, 6], [7, 10], [4], [2, 6], [1, 2], [3, 11], [6, 7], [3, 8], [6, 8], [5, 11], [6, 10], [5, 9], [10], [7, 11], [1, 11], [3, 9], [2, 5], [0, 6], [0, 1]], "c": [-3.178343516616293, -0.33407335531863236, 1.2124938522809092, -3.58896540588332, -3.8487644178357217, -4.506723114720082, 2.5642638398499145, 2.4746206463552776, 2.087015053433717, -4.178841436576322, -0.20261701475439597, 4.443163738422811, 0.266674496405356, 1.7472703568196994, 3.450978117624272, 1.7014172403195857, 1.6248225654193487, 1.5576994056129125, 1.3426655011383044, -0.11761633356320278, 0.7919814479254903, 1.7682896711708498, 1.7300642823705328]}