{"J": [[0, 3], [5, 11], [6], [2, 9], [2, 6], [3, 10], [7], [6, 8], [4], [7, 8], [0, 4], [1, 10], [4, 7], [9], [7, 11], [7, 9], [0, 10], [5], [9, 10], [2], [1, 6], [0, 5], [3, 11], [2, 10], [5, 9], [3, 4], [5, 8], [8, 10], [2, 11], [5, 6], [1, 11], [2, 8], [5, 7], [1, 9], [3, 6], [1, 8], [6, 7], [1, 3], [4, 9], [2, 3], [7, 10], [0, 1], [8, 11], [11], [6, 10], [2, 7], [4, 5], [6, 9], [4, 6], [1], [3, 9], [4, 11], [8, 9], [3, 8], [1, 2], [0], [10, 11], [2, 4], [0, 11], [0, 7], [6, 11], [1, 7], [0, 8], [9, 11], [4, 8], [3, 7], [0, 2], [3], [4, 10], [0, 6]], "c": [-3.7404774651564345, 1.965077740369047, 0.24610966150826208, -3.0146678824276063, -1.026557291395224, -2.8326509945329303, 2.493242505653855, -2.9124109550169495, 4.184835271619198, -0.14993699300421426, 1.383035558005405, 2.5238422189114065, -4.959158368126112, -1.039568588054566, 2.080065165299442, 1.8121855711506534, 3.345065116593343, -0.6632554351307318, -3.1895748335686425, -0.7042894810657572, -0.14154361237623547, -0.6407717423741701, -4.478855445485701, 1.9138341731868271, -4.57525246147987, -3.2952156963516, 0.6570870128789528, -0.331139354030201, -1.4661713251582578, -3.9327671751669433, 4.914786103157647, -2.993657307603219, -3.1315796846621713, -4.636621111999376, 4.608034038027569, 2.379109292750057, -1.8081292454822462, -1.7225037534035872, 2.048386972844172, -1.6836466660517937, -0.7403383523277132, 1.9598739068178155, -0.9881270084434313, 1.3882416470566792, 1.0452272537072984, 2.986093081946298, -3.9142152716088505, 2.5812991195570225, 4.000015219256065, -4.346314670556724, 3.011483799716551, 2.4024106878356335, -0.13205110339200576, -2.0884346391223207, 1.6901412204897648, -1.543827399180838, -4.436478533880641, -4.62793111965007, -0.48251705130410105, 1.1001435200516285, -0.19834691390066972, -2.8835660211031824, -4.349494793849324, -4.080842209282151, -1.5148775493642939, 4.439111922541576, 3.609364430275427, 0.18609939576375467, 1.6318970657990732, -2.59456782763849]}