{"J": [[4, 8], [2, 8], [2, 4], [6, 8], [3, 5], [11], [0, 8], [1, 3], [10], [4], [6, 7], [1, 6], [0, 9], [6, 9], [7, 9], [0, 5], [1, 4], [9], [5, 6], [3, 10], [9, 10], [8, 11], [7, 11], [4, 5], [3, 8], [4, 11], [3, 4], [3, 7], [0, 10], [1, 10], [8, 9], [1, 7], [0, 4], [7, 10], [10, 11], [5], [1, 11], [2], [2, 10], [1, 5], [0, 7], [6, 11], [0, 2], [2, 9], [6], [8]], "c": [1.3426270490262704, 4.269573694530456, 3.155089675372901, -3.131547208648996, -3.815827436565132, -1.6167478996628173, 2.249640084995735, 0.5818719415196068, 4.7861025655563285, 3.5615833723181254, 3.6960889097809897, 1.082619243448776, -0.3965711450343523, -0.22917596990339462, -4.88360335640737, 2.3356501669815373, 3.437115948853325, -1.1258763994541008, 4.973733147995974, -4.713236385778005, 3.549243793210138, 2.437322848747568, 3.340935758946493, 2.5446562056773683, -1.2929737331318436, -0.9308005157402128, 0.41577482224660844, 4.942388866418824, -3.5102533479851514, -2.1270361732822285, 3.3955529826397406, -3.750670935002355, -3.3644523714963404, 1.7321081312162487, -2.7592896952383903, -1.3622371160652555, 2.7799680477529325, 3.5672574674113626, -1.025081934967309, 3.68575769319275, 2.5349936794745194, -3.6844620566607644, 1.6915327843111978, -4.265125231128961, -2.525166955684349, 3.058216126684293]}