{"J": [[0, 9], [5, 8], [1, 5], [1, 4], [1, 8], [5, 9], [4, 7], [10], [4, 8], [6, 11], [3, 11], [6, 10], [2, 4], [0, 7], [1, 10], [1, 2], [3, 9], [0, 1], [9], [1, 9], [1], [3, 6], [3, 8], [8], [0, 6], [9, 10], [3, 5], [0, 4], [4, 6], [1, 6], [8, 11], [7, 8], [7, 10], [1, 3], [4, 11], [1, 7], [2, 6], [2, 10], [7], [7, 9], [6, 9], [0, 5], [9, 11], [10, 11], [2, 9], [5, 11], [5], [11], [4, 5], [3], [6, 8], [6], [4], [2, 11], [5, 10], [0, 3], [3, 4], [0, 8], [2, 7], [8, 9], [0, 11], [0, 2], [2, 8], [8, 10], [2, 3], [6, 7], [2, 5], [3, 10], [5, 7], [4, 9]], "c": [-2.6231652617208665, -3.2698755729106233, -2.777071549483833, 2.9058223181680507, 4.243334860642683, -4.728701300209552, -0.39917225066877293, 0.13933579373361304, -4.556653104303566, 2.432135416605875, -3.3716176681111354, 4.131234951066933, 0.7694836164876904, -2.6948548689804652, 0.6830197308833954, 1.8236733657557913, -0.631337020640796, 1.2723413813862763, 2.867549418974523, -0.3876903395938722, 0.1939660987093319, 1.9859103922713377, -0.404493536311862, 0.22401689599503705, -1.9951752322200509, 4.392604456575231, 4.628038079879108, -2.9905551113983275, -0.23476176256163583, -2.9685685304232745, -2.1766157867140725, -0.7288717840660821, 4.636302522076374, -3.542835154892506, 1.515734088332616, -0.8134846911066642, -2.299960963253201, 2.197056885203507, 2.83905849538594, -3.4669667341855925, -4.169403348830182, 4.695823165071431, 0.5009326362662279, 0.9220235558208723, -0.03428849022889402, -2.815926458613862, 3.031935963325626, 2.469615799470054, -3.43270681174228, -2.422296300633043, -3.4885431897139907, 4.592618328120718, 0.35217533412475, -1.8873254372309711, 3.586460927578834, -1.7289208130052955, 2.0845245079325627, -0.08019276214314619, -3.139564287614024, -2.591006028429512, -1.1127749494903458, -4.210480115223582, 2.265975606228201, -4.566433426854882, -0.8592304374992334, -3.3199604089507764, -2.961660336994302, -4.5457578575891, 4.667336725314042, 0.9276318654543712]}