{"J": [[5, 9], [1, 2], [8, 11], [2, 8], [1, 4], [4, 7], [2, 3], [7, 8], [1, 10], [6, 7], [3, 7], [4, 8], [1, 6], [2, 9], [3, 4], [7, 11], [4], [3, 8], [3, 11], [4, 10], [0, 2], [3, 6], [3, 10], [10, 11], [1, 8], [6, 11], [2, 11], [9], [2, 4], [5, 6], [1, 5], [3], [0, 11], [2, 10], [3, 9], [6, 10], [7], [8], [0, 9], [1, 3], [0, 10], [8, 9], [0, 1], [6, 8], [6, 9], [3, 5], [5, 8], [0, 7], [6], [1, 7], [5, 11], [5, 7], [4, 6], [7, 10], [1], [8, 10], [0], [4, 11], [0, 5], [10], [1, 11], [4, 9], [1, 9], [0, 6], [0, 4], [4, 5], [0, 8], [11], [2, 6], [5]], "c": [-3.63895571208802, -1.312208436925577, 0.9548708674694311, 1.2809819088427066, -2.380671546811487, 1.236435349081435, -1.6449882879814846, 2.0852767675493, 2.1275395501375947, 3.6123519517343805, 1.8407438468627424, 2.6782158658791078, -3.679901187731817, 4.245227963247197, 0.8102097128758743, -4.345501504988167, 4.411303463843254, -3.2626213875176866, 3.9986969642832033, -0.6186197918772605, -2.6431474573697535, -2.714551681172935, -3.043532162680541, -2.1575944692429214, 1.9504225597653226, 1.0170447277744001, -0.17953973086934205, 3.795329960883935, 1.6386724987637056, -0.8509525506991311, 3.4272871964311378, -1.9862561447544849, -2.2157483446771575, 0.6453964607122753, 2.313109803946859, 0.27314127241161046, -0.0478070811415936, 3.9101309474885806, 2.8431703439801144, -3.238819203133285, 3.5017215626863294, -1.8005171899042107, 2.5012743996490086, 3.9141059517694963, -4.543903203393621, 4.009201298060532, 1.7802094328522324, -1.2304294156929951, 2.413983696733588, 4.506085934745297, -4.266321575749621, -2.704516272562265, 0.17736003737698347, 4.451965304430207, -2.8975898096955186, 1.3498575698544313, 4.238072491278755, 4.464500435005146, -3.2624108913353, -0.1195019048499999, 2.989279831337961, -3.3493014304313364, -4.132117172679678, 1.1778707134945199, 3.113865773647822, 0.941701498752546, 3.124818652467697, 1.0432801121108861, -4.698226780043161, -3.920405912396822]}