{"J": [[1, 2], [7, 9], [2, 10], [0], [0, 4], [2, 5], [3], [10, 11], [7], [0, 2], [1, 5], [6, 11], [1, 3], [5, 8], [7, 10], [1, 9], [0, 9], [0, 6], [3, 8], [1, 8], [9, 10], [1, 7], [4, 8], [3, 7], [4, 6], [4, 7], [7, 8], [1, 4], [2, 7], [4, 11], [6, 10], [2, 8], [3, 6], [8], [4, 10], [10], [0, 8], [4, 5], [0, 1], [11], [0, 11], [5, 7], [8, 11], [9, 11], [0, 10], [8, 9], [0, 3], [6, 9], [0, 5], [3, 5], [2, 3], [1], [6], [2, 11], [1, 10], [5, 9], [8, 10], [3, 11], [3, 9], [3, 10], [3, 4], [1, 11], [5, 10], [4, 9], [4], [1, 6], [6, 8], [2], [7, 11], [5, 11]], "c": [3.2651707377608545, 3.4635945730652598, -4.3248801710380045, 3.8281223277171037, -3.2504612933630703, 3.6131758494774644, -1.9255398253167142, 4.164214227529044, -0.04988952268702018, -1.3710198676181506, -0.3373032118292798, -0.6614450406771475, -0.08061963220710755, -1.7365802705277158, -4.6271424166661035, -3.7841617972220973, -1.3657891433158897, 1.366701718812017, -3.1934184204584435, 2.0510503720694917, -4.456204275813959, -0.6437379201217022, -4.737795978020392, 4.115875876682972, 4.397722354041214, -2.6908944459532025, -1.8240362745964767, 3.6950122987595826, -3.6252888878913225, 0.6963800328826251, -3.919454110310828, -3.973039318377257, 0.9818310071415413, 1.98326023414337, -0.6596281708133613, -3.4061896231920565, -2.6906880781465112, -4.9994521204893205, -3.7557707578824404, -1.2215733874315493, 0.7314881240540041, -0.5431979467833381, 2.8851968923806828, 3.2965251538681954, 4.24942696446962, 0.5201259194959587, 2.651685796069609, 3.9891061794088873, -2.235838801305899, -1.4314972274066342, 1.3745693200366427, -0.9555165173013167, 2.608916780476452, -1.8177312238992673, 0.22075863392524298, -2.6196136457708907, 2.795741245536904, -1.419456956766325, -0.7882555731521403, -0.32592575453021055, -1.9139639074869041, 4.600380038872238, 1.8529941084737818, -3.0611916282510485, 1.4508747712499668, -4.461873825474574, -1.1941830942616063, 1.5114678598565812, -2.3714063753517403, 0.1801213722380517]}