{"J": [[5, 9], [1, 2], [8, 11], [2, 8], [1, 4], [4, 7], [2, 3], [7, 8], [1, 10], [6, 7], [3, 7], [4, 8], [1, 6], [2, 9], [3, 4], [7, 11], [4], [3, 8], [3, 11], [4, 10], [0, 2], [3, 6], [3, 10], [10, 11], [1, 8], [6, 11], [2, 11], [9], [2, 4], [5, 6], [1, 5], [3], [0, 11], [2, 10], [3, 9], [6, 10], [7], [8], [0, 9], [1, 3], [0, 10], [8, 9], [0, 1], [6, 8], [6, 9], [3, 5]], "c": [-1.8354586088889588, -2.8594292771039442, 3.6780055170487724, -2.7089695480100016, -4.595129508531922, -2.7478031246425227, -4.805791901718415, 3.6541234149693302, 3.4395869452983376, -1.807761358290545, 4.60346010105077, 3.0438135344652064, -0.7895080287988225, -3.8796529672200073, 3.5134136418051156, 1.066989733306288, -2.693976593309623, 4.950862635989795, -1.3428947228115486, -2.9690761589423453, -0.06658221814877763, 3.365136133737728, -3.5860287202944727, -1.127283303168153, -1.6274028021468845, 4.400515460113262, 4.9916513050164255, -0.3503898634586342, -3.301845737988176, 1.9558972692356686, 3.6118466505415654, -1.6818657573668072, -2.930893556697595, 1.86573222767188, -4.020092342709725, 3.4355717281801894, -4.956831343481713, -3.493411210318058, 2.0384012338284583, -1.4971451291035986, -4.185611665573211, 3.0300914707959095, -2.6071507710932007, -0.38835416721519334, -2.3637415109540507, 0.2369855254540587]}