{"J": [[6], [9, 11], [2, 9], [2, 6], [3, 10], [7], [6, 8], [4], [7, 8], [0, 4], [1, 10], [4, 7], [9], [8, 9], [8], [0, 10], [5], [10, 11], [2], [1, 6], [0, 5], [3, 11], [2, 10], [5, 10], [3, 4], [5, 9], [4, 6], [8, 11], [2, 11], [5, 7], [1, 11], [2, 8], [5, 8], [1, 9], [3, 6], [1, 8], [7, 11], [1, 3], [4, 10], [2, 3], [6, 9], [0, 1], [9, 10], [11], [6, 11], [2, 7]], "c": [-2.983644163480901, -2.8901456260816625, -2.049493975919746, 4.2546673341615655, -1.0623801707385585, -4.781770119729661, -0.5533089966034037, 2.389202865049338, 3.972923201624811, 1.04520600244852, 3.3694709704405525, -4.4527882449099865, 4.977022112420309, 4.404586127869356, 3.8824933697987127, -1.758271987542861, -3.7071955676406034, -2.8261276007997505, -4.6964446361398515, -2.0084957259515104, 4.655707368598204, 4.606488138327986, 1.145995661418457, -2.3129007803846235, 4.296849798360784, -0.5381122821004025, 3.6153148799004793, -2.789008208736309, 2.4558226494717257, -4.6613022124481045, 3.452767581051898, -3.9620743396846105, 1.0111483713989342, -4.421564438848305, -4.925776881388836, 4.961213576322381, -2.586898194175772, -2.447561217131388, 0.997055134612741, 2.933949041062803, -2.428062330773887, 3.066481403364495, -0.5061055688206295, 4.593764332717539, 0.9657504085979385, 0.9669199188713771]}