{"J": [[6, 7], [5, 6], [1, 7], [5], [9, 11], [6, 11], [9], [2, 4], [0, 3], [3, 9], [3, 8], [8], [2, 11], [5, 10], [5, 9], [4, 10], [7, 8], [3, 11], [4, 5], [4, 6], [0, 6], [6, 9], [1, 5], [8, 9], [4, 7], [1, 3], [1, 11], [2, 10], [0, 5], [7], [1], [0, 4], [2, 3], [1, 6], [10], [7, 11], [0, 1], [0], [5, 8], [8, 10], [3], [6], [0, 10], [3, 5], [7, 9], [4, 9]], "c": [3.946250119509129, -2.2643563315663795, -4.240726220966789, 4.653780820450175, 3.4371511669069967, -2.4964061441471106, 4.002202512177529, 4.782590818337509, -4.169737955669909, -1.2985514433162129, -3.2995784202134915, -1.3980191757700577, 2.8415535399927165, 3.0818479367445626, 0.7673362275895954, 2.5925287259964955, -0.6686831678957788, 1.210803594648235, -2.5721533013606193, -4.639040926376039, 2.7149099217280783, 2.6323777338482133, -1.4770587335254257, 0.4669684919000181, -0.3956981815679903, 4.039540681412673, -1.3322631687885842, -4.420277465487462, -2.910080229026888, -4.321755201383386, 2.7895794154908895, -0.4019411593481417, 2.8370297494271455, -4.141534326281211, -4.971297848450665, -4.197838388671613, 3.2084656627201067, 1.2958271404195187, -2.9002654641755043, 2.0133911220713756, -2.6882037914542445, 3.285765901848368, 4.502893509097355, 0.8089182584255115, 2.7039082090387083, -0.8239527971659841]}