{"J": [[6, 11], [3, 11], [6, 10], [2, 4], [0, 7], [1, 10], [3, 8], [1, 4], [0, 8], [5, 10], [2], [0, 5], [2, 5], [4, 7], [1, 9], [3, 5], [1, 6], [7, 10], [4, 8], [5, 11], [10], [1, 3], [4, 11], [1, 7], [2, 6], [2, 10], [7], [7, 11], [0, 6], [8, 11], [9, 10], [2, 9], [9], [0, 9], [4, 6], [6, 8], [1, 2], [5], [0, 11], [8, 9], [5, 7], [0, 1], [8], [2, 3], [6, 9], [1, 8]], "c": [-3.9472289676032437, 1.0509763210269307, -0.3488741278212544, 2.671052408537875, 0.7233158059184799, 2.351284208732177, 4.680693961558488, -0.12954053860292003, 4.291816694537761, -1.8014146505243178, 1.1536891403867058, -2.6231652617208665, -3.2698755729106233, -2.777071549483833, 2.9058223181680507, 4.243334860642683, -4.728701300209552, -0.39917225066877293, 0.13933579373361304, -4.556653104303566, 2.432135416605875, -3.3716176681111354, 4.131234951066933, 0.7694836164876904, -2.6948548689804652, 0.6830197308833954, 1.8236733657557913, -0.631337020640796, 1.2723413813862763, 2.867549418974523, -0.3876903395938722, 0.1939660987093319, 1.9859103922713377, -0.404493536311862, 0.22401689599503705, -1.9951752322200509, 4.392604456575231, 4.628038079879108, -2.9905551113983275, -0.23476176256163583, -2.9685685304232745, -2.1766157867140725, -0.7288717840660821, 4.636302522076374, -3.542835154892506, 1.515734088332616]}