{"J": [[0], [1], [0, 4], [4, 5], [2, 4], [3, 6], [5, 10], [0, 8], [1, 10], [2, 8], [1, 3], [3, 11], [3], [4, 10], [0, 7], [2, 9], [6], [3, 5], [0, 3], [5, 7], [3, 10], [6, 9], [1, 11], [4, 7], [11], [5, 8], [6, 11], [10], [8, 9], [2, 10], [7, 10], [7, 11], [2, 11], [1, 9], [0, 9], [0, 6], [4], [0, 10], [0, 2], [9, 10], [6, 10], [1, 5], [5, 11], [0, 1], [6, 8], [1, 2], [0, 5], [5, 9], [6, 7], [4, 6], [9, 11], [2], [2, 6], [1, 8], [1, 7], [2, 7], [4, 9], [1, 4], [2, 5], [3, 4], [8], [5], [4, 11], [5, 6], [1, 6], [3, 8], [8, 11], [4, 8], [3, 9], [0, 11]], "c": [-3.0576763738795467, 3.2512543310454998, -2.11431441922925, -1.6813525323846026, -3.9564181219890173, 3.152433062086061, 0.40738151885737395, -1.59808397464273, -0.2786575894393337, -3.681209694373899, 1.709194329524327, -1.1929279810650426, -4.746609630554187, -1.617401820981649, -2.4768591482492717, -4.682878805050903, 3.82846182565091, -0.03870060547917831, -2.6627491935476932, -4.504755359218152, 3.7689517846572382, -0.5238002384590237, 1.5183396670231533, -4.012216987305895, 4.140013319422554, -4.769169761625099, 2.131060062906619, -3.3851251444562025, 4.835792544530653, -4.001940369664776, -3.243165258967289, 0.6318957796825391, -2.12133273443189, 0.5632669322180783, 1.8631783805783266, 4.402191435378205, 3.544839274388398, 2.834821668610344, 0.08514796498314858, -4.23161785565124, 1.583154763147828, -4.131916392267741, -2.2247645503062685, -3.8214191468550887, 0.9117311909761225, -0.022969833732757294, -0.8927060952636623, 1.0487755796748068, 4.739222739847271, 2.873712017736107, 0.32918329264103097, -3.8696776733285376, -3.1606431570062576, 0.5404287981173317, -0.22481657771587216, 1.269164372329321, -0.3301721480351292, 1.5464746071388102, 4.584520661346017, -4.92834508510132, 0.8962091133119321, -2.876905490341045, -2.5414240540171527, 2.7227717289745392, -4.824930075958721, -4.49565853967556, -3.8338620289535372, 4.179208350514433, 4.8621209706166315, -3.5602055945641817]}