{"J": [[10, 11], [3], [0, 2], [7, 11], [1, 2], [7, 9], [2, 10], [0], [0, 4], [2, 5], [9, 11], [8, 10], [7], [9, 10], [1, 5], [2, 7], [6, 8], [2, 11], [0, 1], [1, 8], [11], [1, 9], [0, 9]], "c": [-2.272930910244735, -0.46112331492450487, -0.6088010344936388, 2.1595006291434116, 3.240113945102756, -0.9979650686435235, 3.6669654733488617, 3.6371889277117084, 0.9438300656551037, -3.662233882964726, -2.905266272993704, -1.8835085333958301, -3.030643109036404, -3.205741319307683, -0.44671582530215215, -4.851085609253492, -1.6465283427608366, -4.970766620872382, -2.770599368802401, 0.06886172437820015, 1.585761977460277, -4.624083547727626, 1.0851399946672409]}