{"J": [[2, 10], [1, 11], [3, 4], [5], [0, 6], [7, 8], [7, 9], [2, 3], [3, 6], [7, 11], [0, 8], [6], [8, 9], [1], [10, 11], [3, 10], [0, 9], [0, 1], [11], [0, 7], [4, 6], [1, 8], [7, 10], [3], [10], [6, 10], [4, 5], [1, 9], [6, 7], [0, 5], [1, 4], [4, 9], [1, 5], [5, 9], [3, 5], [8], [9, 10], [1, 2], [0], [1, 7], [3, 11], [3, 7], [0, 4], [7], [0, 10], [2, 8], [5, 10], [2, 9], [2, 7], [4, 10], [6, 11], [2, 6], [3, 9], [5, 11], [0, 2], [0, 11], [1, 10], [0, 3], [4, 7], [4], [3, 8], [1, 3], [4, 11], [2, 4], [1, 6], [9, 11], [6, 9], [8, 10], [5, 6], [5, 8]], "c": [3.4007623538392178, 1.3999449108181192, 3.170794328736445, 4.569880162775403, 3.981383577486204, 2.6142520544667356, -1.3030469694585758, 3.6627876412496487, 3.4978088260620197, -4.2974584305849834, 3.894992008252464, -0.15883098474904145, 0.9288360532658295, 3.599663656022317, 2.7969783388500558, 4.443874270028539, 4.1636434401704285, 1.4309871500104165, 2.2402164954455186, -1.2479289248125172, 1.4053753210104016, 4.017784454811249, -4.814797919256879, 3.5874374601641907, 4.006403902712091, 2.1546523802427284, 3.9459315261903445, -3.362380731590254, -3.4839030214519138, -4.853260531862661, -4.844161251942988, -4.39549892343017, -1.6578793404507208, 4.760916771692461, -2.617921092016622, 0.1602437550995015, 2.7947459426468146, -3.4481883819864634, 3.3307984354879796, -4.585193898502039, 4.16733442993613, 3.180360270906915, -1.409078830255106, 0.23462015167957873, 0.5869771666856227, -3.9188839971871614, -2.472289667713988, -4.871820449219287, 3.1113430542300353, 0.07916657323039011, 0.3779842282184722, -0.5468138589650131, 2.527919131724884, 2.823678406782143, 1.7627928235747659, -3.5809993920298098, 3.6748960131625914, -2.3363400588410466, -4.9695931031979494, 4.096212901469622, -2.5772190565784516, -0.6128843085488489, -3.547325565741064, -1.6377084651720173, 0.8981395348130121, -3.777244801833788, -4.197393448374944, 2.2365208034103032, -2.7074748275525717, 2.569663456098449]}