{"J": [[7, 10], [4], [2, 6], [1, 2], [3, 11], [6, 7], [3, 8], [6, 8], [5, 11], [7, 11], [0, 9], [8], [10, 11], [2, 4], [1, 4], [11], [1, 7], [1, 8], [6, 11], [2, 9], [0], [9], [3, 9], [7], [1, 6], [3], [0, 7], [3, 10], [3, 4], [4, 10], [5], [3, 7], [4, 5], [8, 10], [1, 9], [5, 9], [0, 2], [2, 3], [1, 11], [0, 3], [5, 8], [5, 7], [0, 8], [1, 10], [4, 6], [4, 7]], "c": [1.7682896711708498, 1.7300642823705328, 0.39745282188238384, 2.123755756474292, -1.9111842178958547, 4.983317577376056, -2.4935964249739193, -4.608897779877967, 1.2250312071813552, 2.9277885362027263, -2.3895346860661304, -1.547315556487725, -4.467930991233549, -4.847727297177009, -1.8396464921061884, -1.8485355976387963, -3.126793136060355, -2.165416344502754, -0.45947979906362946, -4.4990761589821915, -3.4040857032179614, 2.8593334915767423, 1.3851122009311423, -1.0668769438746861, -0.8758209496709828, 1.8044031510610328, -3.656692030780193, -4.867026697670825, -1.3966603018231316, -0.8508095215364442, -2.522160178061016, -1.5744811405181016, 1.1045426465724697, -1.7243257159778116, 2.3583003635280475, 0.9565871826837142, 3.0687564999642873, -0.8622221116064903, 1.2699206750751193, -0.580196440035385, -3.7263680371914507, -3.8392387696702834, 4.951106807557217, 4.364497658478289, -0.9107703346596239, 4.984757482730819]}