{"J": [[5, 9], [1, 2], [8, 11], [2, 8], [1, 4], [4, 7], [2, 3], [7, 8], [1, 10], [6, 7], [3, 7], [4, 8], [1, 6], [2, 9], [3, 4], [7, 11], [4], [3, 8], [3, 11], [4, 10], [0, 2], [3, 6], [3, 10]], "c": [2.2768792859117095, 4.246706270354604, 3.315044557445253, 1.5252056083359866, 0.31608262752078975, 3.6746108838849096, 4.792011459058898, 2.706890132236847, 1.2867114258237669, -0.34118651418510737, 2.253167982660501, -3.6103412685683987, -1.7288265831540506, -1.6917377453076545, 2.9365854860207117, -1.745172632723535, -0.8561609449644294, 0.6768833260280687, 4.050426324293058, -0.9302484818471193, -2.9550893574590207, 2.499088885278976, 2.619179861204386]}