{"J": [[4, 8], [1, 4], [9], [2, 8], [8, 11], [2, 5], [0, 6], [1, 11], [6, 11], [0, 1], [6, 7], [1, 6], [9, 11], [3, 11], [0, 11], [7, 10], [4, 9], [0, 3], [0, 9], [7, 9], [3, 10], [3, 6], [4, 6]], "c": [-4.543903203393621, 4.009201298060532, 1.7802094328522324, -1.2304294156929951, 2.413983696733588, 4.506085934745297, -4.266321575749621, -2.704516272562265, 0.17736003737698347, 4.451965304430207, -2.8975898096955186, 1.3498575698544313, 4.238072491278755, 4.464500435005146, -3.2624108913353, -0.1195019048499999, 2.989279831337961, -3.3493014304313364, -4.132117172679678, 1.1778707134945199, 3.113865773647822, 0.941701498752546, 3.124818652467697]}