{"J": [[2, 8], [0, 3], [9, 10], [1, 10], [6, 7], [3, 5], [4, 8], [1, 6], [6], [7], [2, 5], [7, 10], [2, 10], [5, 6], [6, 10], [6, 9], [7, 11], [0], [2, 6], [9, 11], [5], [2, 4], [0, 4], [8, 11], [0, 5], [3, 10], [1, 9], [2, 3], [11], [5, 11], [4, 5], [1, 2], [3], [6, 11], [2], [1, 7], [2, 11], [1, 5], [0, 9], [8, 10], [1, 4], [4], [6, 8], [3, 11], [2, 9], [5, 10]], "c": [2.6510327966622214, 4.919851059529947, 3.192255695811987, 2.5562780802909746, 2.150254554951875, 0.5808196655049089, 4.095806007641048, 4.027194929779419, -0.026991520626288512, -2.710937185789394, -1.195270148282467, -3.1814339249509196, -1.2345075328209463, -3.6150034471708024, -1.1557813824019556, -3.1743532498517615, 3.6792152258938042, 1.9965612814003428, -1.3907732367459924, 4.322312314818937, 4.89130057139951, -4.199602810713787, -2.6331791535777773, 4.479691156939417, 2.268811261423032, -3.647410101786911, 2.193372101111528, -0.19272905800170115, -0.6529296620758149, -1.4252865603434195, -4.48938600613344, -2.211002555413258, -0.09341285326188498, 4.784359771154069, 4.757477421639111, 3.7243799261006476, 0.19111105716114984, 1.131904664688256, 0.053502952548313054, -3.1845757678805, 3.6918747800675398, 3.944713921380199, 2.412817914099583, -4.249224953525602, -4.753901428427233, -0.10947222234697929]}