{"J": [[1, 10], [1], [6, 7], [3, 8], [8, 10], [1, 2], [2, 9], [6], [3, 6], [2, 7], [2, 5], [0, 10], [8, 9], [2, 10], [8, 11], [6, 8], [0, 2], [3, 7], [4, 6], [4, 5], [10], [1, 9], [2, 11], [7, 8], [9, 11], [5], [2, 8], [7, 10], [4, 7], [5, 7], [6, 9], [5, 11], [6, 10], [1, 8], [1, 7], [7], [3, 9], [0, 8], [9], [1, 6], [5, 8], [2], [8], [1, 11], [3, 11], [5, 9], [0, 9], [2, 4], [0], [3, 10], [4], [4, 11], [3], [2, 6], [2, 3], [5, 10], [1, 4], [0, 5], [0, 11], [7, 11], [4, 8], [1, 5], [0, 7], [0, 3], [0, 6], [10, 11], [5, 6], [11], [4, 10], [4, 9]], "c": [1.2921886201688721, 1.3444353667757323, -4.181029157073103, -3.8565490619543095, 1.7140667172721944, -2.0625973601464107, -4.082467695134431, -4.447557813374624, -0.04046159888199874, -0.2320875832288971, 0.0771574004352571, 3.6477260559964098, 2.7736207850196672, -2.592822911426457, -3.482997841370774, -4.335456259114325, -1.9929083232410596, 1.640700911523295, 1.5164387904620638, 2.5294314606706614, 1.0527350529432606, 0.8194463142140442, -4.179399644223796, -4.8113781705816425, 3.687135265427939, -2.965621748556072, -4.244910207368584, -2.079897683728559, 0.08848675397652439, -0.35636722492269257, 0.04073176305573245, 2.503460402490113, 2.899865306496217, 1.7015328250769794, 4.642975117385184, 1.4029652277479965, -4.601108061749736, -1.0700225055651345, -0.33107095553413757, -2.3586185559925488, -0.9703580296266221, -3.1090978853574747, 4.589675839885027, -0.6752828543265155, 1.0244952716816087, -4.620345761630592, 3.6434027939882814, -3.140252507734602, 1.281352238480654, 2.971498286914393, -4.8100503040602005, 3.1646013166602724, 0.31776014694848786, 2.0279224154025997, 1.897033355928909, -3.7305192683767965, -0.7183718220127124, -0.1572455124222225, 0.5956822304276708, -0.20523952060014317, -3.5415637857225732, -3.845817272315818, 3.835831602204143, 3.170817720924827, -2.947432208214875, -3.849111706472436, 2.8108210667757216, -0.7889674878827879, -1.280502635523625, -1.0544604277044822]}