{"J": [[7, 9], [5, 9], [1, 10], [2, 9], [2, 10], [1, 11], [3, 4], [5], [0, 6], [7, 8], [2, 3], [3, 6], [6, 10], [0, 8], [6], [0, 11], [0], [8, 11], [0, 9], [3, 10], [5, 8], [0, 1], [11]], "c": [4.351984283585724, 3.0667750875690594, 0.30778319016787137, 4.842443552582816, -4.003196970676381, -0.16626248966819013, -2.365942493579365, -4.46244385745988, -2.999641472068406, -3.6685474116853776, -1.3670235862361402, -0.4767210513104523, 2.5015050481944554, 4.058611485942004, -3.751424972522864, 3.5408118076960946, -0.497936134966654, -4.930515010965614, 1.7343087193115583, 3.293729186570321, 0.21043877406252776, 2.148814620598559, 2.748808819203105]}