{"J": [[4, 7], [6, 10], [0, 6], [2, 10], [2, 6], [7, 8], [9, 10], [11], [6, 8], [1, 7], [5, 8], [2, 5], [2, 7], [1, 10], [3, 11], [3, 9], [0, 7], [7, 10], [5, 6], [5, 7], [1, 9], [4, 6], [1, 2]], "c": [4.6762356185234175, 0.9760705116919688, -1.2489301938331732, -4.359230044801366, 2.227141924447441, -3.662535913187038, -0.7648435523919641, -1.762232989757905, 4.969537464324464, 4.55725632284247, -4.238650816799495, 0.7863596271174842, -4.671992972023489, 1.4007063041885122, -2.3852578795790857, 3.4844750553774286, -3.106156070408601, 3.5334213674456567, -0.6586319083154883, -3.074457741235883, -0.27711124523344655, -2.3382507212959434, -0.38031256763661325]}