{"J": [[6], [4, 10], [3, 4], [1], [6, 9], [3, 5], [7, 10], [1, 11], [0, 9], [1, 7], [0, 2], [9, 11], [8], [0, 6], [0, 11], [8, 11], [6, 10], [0, 10], [0, 8], [5, 7], [0, 5], [1, 10], [10], [1, 2], [4, 8], [1, 8], [1, 6], [4, 11], [2, 9], [7, 9], [5, 10], [2], [7], [3, 7], [4, 9], [4, 6], [2, 10], [11], [7, 11], [10, 11], [3], [9, 10], [5, 11], [6, 8], [0, 3], [3, 6]], "c": [-1.8240362745964767, 3.6950122987595826, -3.6252888878913225, 0.6963800328826251, -3.919454110310828, -3.973039318377257, 0.9818310071415413, 1.98326023414337, -0.6596281708133613, -3.4061896231920565, -2.6906880781465112, -4.9994521204893205, -3.7557707578824404, -1.2215733874315493, 0.7314881240540041, -0.5431979467833381, 2.8851968923806828, 3.2965251538681954, 4.24942696446962, 0.5201259194959587, 2.651685796069609, 3.9891061794088873, -2.235838801305899, -1.4314972274066342, 1.3745693200366427, -0.9555165173013167, 2.608916780476452, -1.8177312238992673, 0.22075863392524298, -2.6196136457708907, 2.795741245536904, -1.419456956766325, -0.7882555731521403, -0.32592575453021055, -1.9139639074869041, 4.600380038872238, 1.8529941084737818, -3.0611916282510485, 1.4508747712499668, -4.461873825474574, -1.1941830942616063, 1.5114678598565812, -2.3714063753517403, 0.1801213722380517, 1.5239427474378573, -2.151327081906038]}