{"J": [[8, 11], [0, 2], [4, 10], [9, 11], [2, 4], [9, 10], [7, 11], [0, 9], [1, 8], [0], [6, 9], [0, 4], [1, 4], [3, 10], [4, 7], [1, 7], [2, 6], [4, 5], [11], [4, 8], [2, 11], [6, 10], [2, 5]], "c": [4.188658503083033, -2.081665627739533, 3.1510212478351676, 0.9144788501300116, -0.5008176239239486, -3.886176913645242, -1.0186553924611452, -2.183375781906629, 0.013581106221367989, -2.7181700439722367, 3.226834370164134, 3.051853579137795, -2.730970276804683, 2.888182063952641, 0.7302694252583084, -2.1368943929643933, 1.7539835486784128, 4.2367366845816985, -0.3164762522960105, 0.4096903692046263, -2.477865712301308, 3.2721974440773423, -2.9050272507325294]}