{"J": [[4, 10], [4, 8], [1, 4], [9], [2, 8], [8, 10], [2, 5], [0, 6], [1, 11], [6, 11], [0, 1], [6, 7], [1, 6], [9, 10], [3, 11], [11], [7, 9], [4, 9], [0, 3], [0, 9], [0, 11], [3, 10], [3, 6], [4, 6], [2], [2, 7], [3, 5], [2, 4], [1, 3], [3, 9], [3, 8], [2, 10], [4], [7], [5, 8], [3], [2, 3], [8], [0, 2], [5], [5, 10], [5, 11], [0, 4], [1, 10], [10], [2, 11]], "c": [-4.132117172679678, 1.1778707134945199, 3.113865773647822, 0.941701498752546, 3.124818652467697, 1.0432801121108861, -4.698226780043161, -3.920405912396822, -3.2016893070723693, 1.9831609960451395, -4.995356192971436, -2.190399018755577, -3.177522490808217, -3.9620149407275838, 3.5734877455902776, 1.7344591483372387, 2.342200145883365, 0.7916226392876684, 1.445511519170969, -0.3902456025661518, -0.27022046494019314, -2.272930910244735, -0.46112331492450487, -0.6088010344936388, 2.1595006291434116, 3.240113945102756, -0.9979650686435235, 3.6669654733488617, 3.6371889277117084, 0.9438300656551037, -3.662233882964726, -2.905266272993704, -1.8835085333958301, -3.030643109036404, -3.205741319307683, -0.44671582530215215, -4.851085609253492, -1.6465283427608366, -4.970766620872382, -2.770599368802401, 0.06886172437820015, 1.585761977460277, -4.624083547727626, 1.0851399946672409, 0.5455089730330718, 0.4721338902283829]}