{"J": [[7, 8], [0, 6], [11], [6, 8], [1, 7], [5, 8], [2, 5], [2, 7], [1, 10], [6, 10], [3, 11], [2, 6], [1, 2], [5, 10], [3, 8], [8, 11], [1], [2, 8], [2, 11], [1, 3], [3, 6], [4], [3, 10], [6, 7], [8], [6], [1, 6], [2, 9], [0, 9], [0, 1], [4, 11], [7, 10], [0, 5], [2], [2, 10], [3, 7], [2, 3], [4, 10], [4, 6], [10], [3, 5], [1, 9], [9, 11], [3, 9], [1, 8], [7]], "c": [-3.997654796158968, -2.3205849431210543, 2.4968752552060725, 2.83093236232323, 0.8923457436768025, 1.4498653335782112, -2.773261833553816, 0.8400112565181672, -3.3564011532471447, 1.4991512818075101, -3.6230011420641683, 1.943077365309315, 3.0801067043336037, 1.8671067884376793, 4.762029955596734, -1.6147278687084468, -1.7141031004695972, 2.008729676423565, 0.4700377452014095, 2.519241141962838, -4.799105927157213, -2.2123337252449127, -3.606216492552874, -2.3266462854300385, 0.05948922030125914, 3.999382574664798, -2.819933751251882, 3.98490090286432, -3.6801689339641652, -0.714637805469649, 0.4220805459574519, -3.7442666431435514, -3.694594377646796, 1.9197496199828041, -2.471932096411881, 1.380388857174209, 1.779342674430838, 4.838771032073927, 0.31160722824898635, -4.6633663419422895, -3.441983887781598, 2.128752422296313, -0.3902483472591687, -2.0884475497716135, 3.8677458969669747, 0.8154977446724763]}