{"J": [[0, 1], [9, 10], [2, 4], [0, 5], [3, 11], [10, 11], [1, 7], [1, 9], [0, 10], [2, 7], [0, 6], [8, 10], [0, 2], [8, 11], [3, 5], [1, 5], [7, 9], [2, 10], [3, 6], [5, 10], [2, 5], [4, 7], [3, 10]], "c": [-2.6416223481230885, 1.0256253390585348, -1.1801483378277466, 0.6934244384866481, -3.2900591562726413, 2.989326484496761, -2.4257004098589263, 3.7964553310342204, 0.4875978180753515, 2.0271477422517687, 2.406957785949711, -3.0885912384410705, 3.131085867475015, 1.750673181710761, -2.6770445516104413, -4.750679534819806, 1.1664388088832993, -3.904449046859362, -0.7628222904234594, -0.7960434977961057, -0.247165176585197, -2.230652964645979, -1.4048923208583028]}