{"J": [[2, 3], [6, 8], [2, 10], [8, 9], [4, 8], [0, 3], [3, 4], [1, 8], [1, 9], [5, 8], [3, 8], [0, 6], [1, 4], [3, 9], [6, 7], [2, 8], [8, 10], [9, 10], [9], [0, 5], [1, 3], [2, 9], [0, 10]], "c": [-1.6449882879814846, 2.0852767675493, 2.1275395501375947, 3.6123519517343805, 1.8407438468627424, 2.6782158658791078, -3.679901187731817, 4.245227963247197, 0.8102097128758743, -4.345501504988167, 4.411303463843254, -3.2626213875176866, 3.9986969642832033, -0.6186197918772605, -2.6431474573697535, -2.714551681172935, -3.043532162680541, -2.1575944692429214, 1.9504225597653226, 1.0170447277744001, -0.17953973086934205, 3.795329960883935, 1.6386724987637056]}