{"J": [[2, 10], [2, 6], [7, 8], [0, 6], [11], [6, 8], [1, 7], [5, 8], [2, 5], [2, 7], [1, 10], [6, 10], [3, 11], [9, 11], [1, 2], [5, 10], [5, 6], [5, 7], [1, 9], [4, 6], [6, 7], [1], [2, 8], [2, 11], [1, 3], [3, 6], [4], [3, 10], [3, 8], [8], [6], [1, 6], [2, 9], [0, 9], [0, 1], [5, 9], [9, 10], [0, 5], [2], [10, 11], [2, 3], [3, 5], [6, 9], [10], [8, 9], [7, 10], [8, 11], [3, 7], [0, 3], [3], [7, 11], [0, 7], [4, 5], [3, 4], [5, 11], [4, 9], [1, 5], [4, 7], [7, 9], [7], [0, 10], [5], [9], [2, 4], [1, 11], [8, 10], [3, 9], [1, 8], [4, 11], [0, 2]], "c": [-1.6147278687084468, -1.7141031004695972, 2.008729676423565, 0.4700377452014095, 2.519241141962838, -4.799105927157213, -2.2123337252449127, -3.606216492552874, -2.3266462854300385, 0.05948922030125914, 3.999382574664798, -2.819933751251882, 3.98490090286432, -3.6801689339641652, -0.714637805469649, 0.4220805459574519, -3.7442666431435514, -3.694594377646796, 1.9197496199828041, -2.471932096411881, 1.380388857174209, 1.779342674430838, 4.838771032073927, 0.31160722824898635, -4.6633663419422895, -3.441983887781598, 2.128752422296313, -0.3902483472591687, -2.0884475497716135, 3.8677458969669747, 0.8154977446724763, 4.069389816556745, 1.4646441512878532, 1.8114290321131286, -2.1634191880199327, -1.1713689825653528, 3.9740567278552206, 1.3781218499853818, 0.03163892673303881, -1.3625503376528423, -3.418785030798955, 0.07564036077637226, 4.726082606303269, 0.5146798691223955, -3.0304850502188776, -0.6037690142845618, -1.7362035348080562, -4.932888661242765, 2.3517429914417534, -0.7691532336676357, -2.182812708882512, 1.577211450596307, -4.1843030818774185, 3.773672214308071, 1.710470131020121, -0.37447736082104033, -2.896903937558275, 0.023071071112679142, 2.4940894428713474, -2.6747533179714003, 1.375724871641565, -1.8662836659126034, 0.12831565993029947, -1.9732352727474, -2.0665432081223924, -4.4412902983405464, -2.8895814215387094, 2.273723374288177, -0.2597577339130961, -2.5390991338430666]}