{"J": [[7, 10], [6, 7], [10, 11], [6], [4, 10], [3, 4], [1], [6, 9], [3, 5], [1, 11], [0, 9], [1, 7], [0, 2], [8, 10], [8], [5, 10], [4, 11], [9, 11], [11], [7, 11], [6, 8], [0, 10], [0, 8]], "c": [4.472473779054091, -2.4757765609762785, -3.3860561726318297, 3.3254311581156912, 4.261171477575264, 4.443445763881357, 1.1329664533095043, -3.39985534270959, 2.7026462645518645, -3.8075466183259277, -0.742925060043472, 4.5526437595977, 0.05271901973374504, -4.047278161765667, 1.5963651564438788, 3.9338197578653986, 3.1025651776483336, 3.8983968600461054, -2.2657766766167766, -3.8236576082113114, 0.43407685082414904, 0.6715685231589603, -2.8764199786157905]}