{"J": [[1, 8, 9], [6, 8, 11], [1, 5, 11], [0, 1], [0, 4, 10], [6, 8], [4, 6], [3, 9], [0, 2, 10], [3, 4, 9], [5, 10], [5, 7, 11], [3, 4, 6], [1, 5, 7], [1, 3], [4, 9], [1, 3, 7], [2, 11], [0, 6, 11], [1, 8, 10], [6, 7, 11], [2, 8], [0, 8], [6, 7, 10], [5, 7], [0, 11], [1, 4, 5], [3, 8], [6, 11], [1, 7], [5, 6, 7], [4, 7, 8], [4, 5, 8], [0, 2, 11], [4, 8, 11], [4, 5], [2, 3, 10], [5], [0, 7, 8], [10, 11], [8, 10, 11], [2, 4], [6, 8, 9], [9, 11], [7, 10], [1, 7, 10], [3, 5, 7], [1, 6, 10], [3, 7, 9], [2, 4, 11], [5, 6, 8], [1, 4, 9], [2, 3, 4], [1, 3, 10], [7, 9, 11], [0, 10], [1, 2, 6], [4], [0, 1, 10], [4, 6, 10], [2, 8, 9], [4, 7], [1, 8, 11], [5, 9, 10], [1, 6, 7], [8, 11], [6, 9, 10], [0, 9, 10], [1, 6], [0, 6, 7], [0, 7], [0, 8, 11], [0, 6, 9], [4, 6, 7], [2, 4, 7], [2, 6, 10], [9, 10], [1, 7, 11], [2, 6], [4, 6, 8], [3, 10, 11], [10], [0, 3, 7], [3, 4, 7], [0, 6, 8], [5, 7, 9], [4, 8, 9], [0, 3, 10], [3, 10]], "c": [8.316846393556727, 1.354348132137513, -0.1297881484522374, 0.28656855035802176, 0.22180613163733587, 11.356767571606126, 1.4110840948461565, 0.0840866050768233, -0.2689464810047786, 8.621860406661119, 9.4378684539166, 0.44400690524932074, -0.4521899155340996, 1.5372900386218968, 10.565426188437115, 11.105715555116069, 9.006696574835164, -0.5362039238178762, 2.0219512079521, 10.053774785260847, 9.695035738154285, 1.5798878984378604, 1.3508591058648545, 10.816532722086064, 9.310871476746646, 11.127512208817592, -0.4947225078550379, 2.2514411707187763, 2.494877940193383, 9.778958392514781, 11.49818776263711, 0.8231907404514291, -0.05700416111964457, 1.0380729806314728, 9.843647737579381, 1.4484399562395776, 10.104420174338712, 12.416463213240718, 10.151969534176436, 0.9406455230351243, 10.107566167990306, 1.5832362005802496, 1.238590800796342, 8.672856857932414, 0.13365460947415708, 9.840400521006137, 8.748465386965284, 9.554795700238323, 0.831671750791885, 9.841425713786624, 10.346666435950798, 9.458755497988726, 0.3768476273597977, 9.719432141043582, 1.912809460579345, 9.302808074333376, 1.820026740856148, 10.888835078563455, 10.711228556746864, 0.742329560658971, 0.8244951298203269, 0.03588588345560184, 1.2287743851631214, 1.8338590235576908, 10.542021308335679, 1.2414964360040615, 9.356337678009925, 10.246103799198451, -0.7002149657307704, 10.626619822386735, 10.463134021033346, 9.93512056820555, 3.8099643205552485, 0.503834395191141, 10.055003771386255, 9.54192592324795, 7.969074735915498, 10.658217841583939, 9.138266964491024, 1.0869824320247745, 8.44573390702672, 0.6659918092274686, 1.3756172368426156, 0.7076095894253054, 10.363094315445881, 0.6128148625957317, 10.90133640522706, 11.106360383758055, 12.497449475614872]}