{"J": [[1, 6, 11], [0, 8], [3, 5, 9], [3, 5, 11], [2, 7, 11], [3, 6, 7], [6, 7], [1], [1, 5, 11], [7, 10], [10, 11], [5, 9, 11], [5, 8, 11], [0, 7, 8], [2, 3, 7], [0, 9, 10], [0, 8, 10], [0, 1, 7], [0, 4], [0, 5, 7], [1, 2, 6], [0, 2, 4], [2, 4, 5], [4, 10], [0, 3, 6], [1, 2, 4], [6, 7, 11], [5, 7], [1, 6, 7], [2, 6], [1, 6], [5, 8, 9], [6, 7, 8], [0, 3, 10], [0, 7, 9], [1, 2, 7], [3, 10], [1, 2, 3], [2, 6, 9], [5, 10, 11], [3, 7, 10], [6, 10, 11], [0], [7, 10, 11], [0, 6], [8, 11], [1, 6, 8], [7, 8], [1, 9], [1, 3, 6], [4, 6, 9], [3, 7, 9], [4, 8, 10], [3, 4, 7], [2, 5, 6], [1, 8], [0, 5, 8], [0, 7], [1, 5], [2, 3, 8], [0, 8, 9], [4, 5, 8], [0, 1, 4], [1, 3, 10], [4, 5, 11], [3, 8, 9], [4, 9], [5, 11], [0, 3, 9], [0, 4, 8], [2, 4, 7], [2, 5, 9], [3, 11], [0, 4, 9], [0, 5, 10], [0, 1, 9], [0, 2, 9], [2, 5, 7], [4, 5, 6], [0, 8, 11], [4, 6], [1, 7, 8], [1, 6, 9], [0, 3, 11], [1, 2, 9], [1, 3, 9], [2, 3, 9], [2, 8, 11], [5, 7, 11], [0, 3, 7], [1, 3], [7, 9], [8, 9], [6, 11], [0, 3, 4], [1, 10], [3, 6, 9], [9, 11], [4, 7, 11], [4, 8, 11], [6, 8], [0, 2, 6], [1, 2], [5, 6, 10], [0, 3, 5], [1, 9, 11], [2, 9, 11], [7], [7, 8, 11], [1, 9, 10], [0, 9, 11], [4, 10, 11], [9, 10, 11], [5, 6, 8], [2, 3, 11], [0, 2, 7], [2, 8], [0, 10], [0, 5, 11], [0, 11], [1, 7, 9], [7, 9, 10], [2, 9, 10], [4, 5, 7], [6, 9, 10], [2, 7, 10], [0, 6, 9], [0, 1, 3], [4, 8, 9], [4, 6, 7], [0, 2, 5], [2, 7, 9], [1, 3, 5], [11], [0, 3], [3, 7, 8], [4, 6, 11], [9], [1, 8, 9], [3, 9, 11], [4, 7, 8], [1, 8, 11], [0, 1], [6, 10], [5, 7, 10], [3, 8, 11], [2, 6, 10], [0, 5], [0, 1, 5], [6, 9], [0, 2], [2, 4, 8], [2, 7, 8], [8, 10, 11], [4, 6, 10], [4, 7], [4, 9, 11], [1, 3, 11], [0, 6, 10], [2, 5, 11], [3, 7, 11], [5, 9, 10], [6, 8, 11], [3], [5, 8, 10], [2, 9], [0, 6, 7], [3, 6, 11], [1, 11], [2, 6, 11], [2, 4, 9], [2, 7], [6, 7, 9], [1, 4, 9], [3, 6, 8], [0, 6, 11], [6, 9, 11], [0, 9]], "c": [0.545166310247504, 9.829671309608885, 9.540647144332102, -0.7487969788834015, 9.87984158684178, -0.03604574110328884, 9.235024638553108, 11.119543795145548, 9.697326813077824, 0.6317685427363142, 0.5677285126326146, 9.160253173934152, 0.17462611404848416, 0.9674532107380337, 2.035570483281838, 10.580441877026441, 12.077839182743446, 0.6353712360556842, 0.37705743767366995, 11.64228454189153, 8.181437210358279, 0.630575797434827, 9.57219287741043, 1.976630939964882, 10.733591056055891, 1.027492138369971, 3.876807300597955, 3.8175430291591588, -0.1386598148370155, 9.711688431501734, 1.7319147217259392, 0.45928289208787143, -0.14836005665655994, 2.6864851475800395, 9.385299680627943, 10.885931530966031, 10.598217097979974, 0.755568059070188, 1.6038309051839887, 7.887489801198021, 9.009410701294241, 0.726669496551418, -0.3790959935429854, 12.133582986824086, 0.2936136853459186, 8.976006610324111, -0.3414249913845653, 1.4707382148608825, 11.12356141781311, 10.629918242224793, 11.17877347008823, 9.013170268292866, 1.9066815030992967, 1.290266477569745, 10.810808301432125, 9.719670774349488, 12.029743411550635, 2.4519537844049735, 9.058145325249047, -0.7359115356439743, 9.69352030287457, 9.416798614864186, 9.440516810621155, 0.9468231036234188, 2.659615823604347, 1.5984001540998958, 0.08495099372384463, -0.9588766108680251, -1.2524985634645023, -0.23532116407881332, 10.235530434610364, 9.333127398239853, 10.990188973077597, 7.392129094863998, 1.2199214122944884, 1.5659731941329205, 2.294470625172339, 10.762087530428792, 9.066709399051126, 10.05339315761484, 8.382541570194467, 8.04711921616742, 9.385243325414123, 2.1812121791586305, 7.561291900804326, 11.49201315791632, 11.018280221586167, 0.3451900461881091, 10.753951289210978, 9.187635145272763, 2.7215168730936714, 2.353797431855907, 10.131375684122563, 8.327829737755593, 9.983909279806277, -0.00410574641986905, 8.96066692543252, -0.07294851153026616, 9.94888982164489, 9.315249687614104, -1.3906246309952177, 0.30521551221143284, -0.5478885161835281, -0.4133748701254134, 9.890068535601332, 9.949543722793731, 1.5143049967144342, 11.29844674835439, 10.931605974054172, -0.7542557698283909, 11.627111419419673, 9.681108915315736, 1.2094902039364264, 1.871160524723041, 10.136863022546239, 9.347271220414001, 10.037118794729256, 8.875764805069268, 10.082035567572516, 10.464906663850531, -1.8346031952854616, 9.832428510065457, 11.13438599407946, 0.9207890640133233, 9.369922737211825, 0.598572005937084, 0.596983772037154, -0.8592904759609594, 8.416899397309361, 8.78497530609305, 1.6017409499699689, 1.5817358627256364, 10.627662160175817, 0.6765859445103515, -1.056949777198486, 2.5290781570308454, 9.283043018216196, 10.632154100447242, 1.0912748861820276, 9.795248535736055, 0.8357908853759543, 1.6142630973828096, 1.4606282229360417, 1.2180506514799427, 1.7379458541326767, -0.288748370511845, -1.4422779748027947, 10.318434407693255, 9.496393261766546, 11.035757759831506, 9.496396043758251, -0.10240292066226786, 1.6398777612623792, 8.971802042512799, 10.773682747480162, 11.426588737134631, 10.170831379955098, 12.307474052844093, 1.3480692353688424, 2.3289202639544087, 11.456244586666218, 12.63321547079936, 1.0557405379872318, 1.0682169579775755, 0.8154320268810601, 9.903174813412232, 9.08658849508595, 0.02424843767203666, 8.569672158718179, 0.7091806668126839, 3.2032078913572914, 1.8823247689192293, -0.06039691735359676, 9.662858765064634, 1.0470360373342549, 9.519476831795622, 0.9805461023518974, 9.943860400721864]}