{"J": [[10], [2, 4, 5], [4, 9, 10], [1, 2, 3], [0, 1, 7], [4, 10], [0, 4, 11], [1, 5, 9], [2, 11], [0, 6, 11], [3, 5, 6], [0, 5, 9], [0, 5, 6], [2, 10, 11], [4, 7], [3, 9, 11], [3, 6], [4, 6, 11], [6, 11], [5, 9, 11], [0, 2, 7], [0, 9, 11], [7, 8, 9], [6, 7, 9], [0, 2, 8], [2, 5, 11], [0, 2, 6], [1, 3, 6], [4, 9], [1, 2, 9], [4, 8], [6, 7, 10], [0, 1, 5], [5, 9, 10], [5], [0, 4], [0, 3, 11], [0, 4, 7], [1, 3], [7], [0, 5, 10], [0, 6, 9], [0, 2, 10], [4], [2, 4], [4, 5, 9], [8, 9, 10], [11], [1, 9, 10], [3, 11], [4, 7, 10], [5, 9], [2, 6, 10], [0, 1, 11], [3, 5, 8], [4, 6], [1, 3, 7], [4, 8, 11], [5, 7, 9], [1, 2, 7], [8, 9], [2, 3, 6], [1, 7, 10], [3, 5, 10], [0, 3, 4], [5, 6, 9], [0, 4, 9], [1, 3, 4], [2, 7, 11], [7, 9, 10], [0, 4, 8], [0, 3, 10], [0, 10], [2, 8, 9], [1, 6, 10], [0, 5, 8], [8], [4, 5, 11], [0, 8, 11], [6, 8, 9], [1, 5, 7], [4, 6, 8], [0, 7, 8], [2, 4, 6], [3, 4, 10], [2, 5, 8], [2, 8, 11], [1, 11], [2, 4, 9], [0, 2], [7, 9, 11], [3, 10], [1, 8, 11], [1, 2, 8], [2, 7, 10], [4, 6, 9], [3, 7], [0, 2, 5], [1, 4, 11], [3, 8], [7, 10, 11], [3, 8, 10], [1, 8], [0, 6, 7], [2, 4, 10], [5, 8, 10], [1, 6, 9], [2, 3, 7], [2, 6, 11], [1, 5, 6], [2, 7, 8], [1, 4, 6], [3, 6, 9], [5, 7, 11], [1, 2, 10], [0, 1], [6, 8, 11], [3, 4, 11], [2, 9, 11], [6, 7, 11], [2, 3, 10], [2, 5, 6], [4, 7, 9], [0, 2, 9], [1, 9], [1, 6, 8], [5, 6, 7], [3, 8, 11], [3, 7, 8], [0, 3, 7], [3, 6, 11], [0, 6], [7, 8], [0, 1, 10], [2, 7], [1, 8, 10], [5, 10], [0, 2, 4], [2, 4, 8], [3, 4, 9], [2, 6], [0, 4, 10], [3, 4], [5, 7, 8], [3, 6, 8], [6, 7, 8], [8, 11], [6, 10], [1, 4], [1, 5, 11], [3, 5], [1, 2, 6], [5, 11], [10, 11], [3, 7, 11], [2, 4, 7], [2, 5, 7], [1, 4, 9], [0, 6, 8], [5, 6, 10], [2, 6, 8], [1, 6, 11], [1, 2], [4, 7, 8], [1, 7, 8], [2, 3, 8], [6, 8], [6, 9, 11], [6, 9, 10], [2, 3, 4], [7, 8, 11], [0, 7, 9], [0, 11], [2, 5, 10], [0, 2, 3], [1, 9, 11], [3, 4, 7], [0, 7]], "c": [10.01226597303036, 3.940328750602938, 1.0493271053194813, 9.98339143129544, -0.06295611142631086, 2.350683576361363, 1.261621770401425, 1.5588797105283445, 0.8617451795935691, 10.991374729540116, 1.4122704436582474, 8.479504997928801, 9.400583861777683, -0.15947127395568272, 1.0990331816922663, 9.6537966250075, 0.9105064943029756, 11.294757674041435, 11.369399929935652, 9.637443923222158, 1.7762881009149993, 0.316716067072938, -0.03907051120053118, 9.339175869215387, 0.9505825740039874, -1.2792652512521339, 3.192645692075385, 11.669326661026357, -1.0377391394087376, 10.397452846460858, 2.0293014892124903, 9.75386869757251, 11.696144305382159, 10.16211356416586, -0.06330826487343799, -0.007076153147178799, 10.805736100216071, 1.0495611058591865, 2.4240015340062304, 10.579427687591796, -0.04814650516104635, 1.0111277726392451, 10.632241103391252, 0.8612007308592705, 0.9983585347600132, 9.319006282147585, 1.9268822854148364, 0.14540585185202137, 10.335938864760736, 11.604772169299684, 8.620992885553289, 9.563869847019005, 9.189073713609003, 10.302753397951783, 10.6380203773183, 0.5508539300550608, 0.4929548784662332, 9.135513319790487, -0.8714703021400731, 9.845706992701215, 7.661998030818514, 8.47869084154844, 10.47709807890728, 11.386167124959801, -1.7871701292738513, 11.348577496509206, 0.9356748886954873, 2.7006334875498235, 0.6075259854535205, 10.298280289876233, 8.688411049787897, 8.047539166877463, 8.961823695133782, -0.1807100431470039, 2.813752613077043, 8.625430693530644, 8.274767471294236, 9.485625177893487, 9.930194521230128, 10.921121151454713, 10.68200753265915, 9.46334429587013, -0.4687492445552637, 9.128442465133439, 1.7566978650284764, 9.265848179722068, 8.79391976180062, -0.13863747877637445, 9.930281030762316, -1.0602289195931585, 9.065505446734258, 10.213552985783782, 10.05626011653338, -0.19772452709630328, 1.0319033999133167, 9.075583131936108, 1.0626790610517505, 10.474488091262144, 0.5867106266938585, 0.42519244416993074, 10.094270081838172, 9.641556177636327, 8.291004081142034, 10.238653254457176, 1.4770648579549515, 1.032081885753281, -1.3292944314331603, 10.07297327948786, 1.5235321483123347, 0.8211649277256223, 10.699005244716538, 1.568656990720703, 9.889109714668963, 11.62686024448885, 9.473118181957984, 8.961185499474716, 10.299651896379345, 0.4431447645775637, 9.299151687396717, 0.3503029804513258, 0.331874977080447, -0.13727726214537128, 8.760265216663353, 1.1022644731304465, 10.186342711581073, 9.630709424001894, 1.6455724454183742, -0.33588161261626737, 2.3583623773627815, 11.632384695429668, 2.3515541608241395, 0.3570063509495204, 1.6539567988150146, 0.23182992907069777, 0.69482826922604, 9.149679905783975, 9.800687200990618, 1.647924996568121, 0.28422893190503196, 10.127728679432849, 10.21795463874805, 0.3291241570912332, 9.937205701072202, 9.601941127443089, 9.705351797399489, 10.471695377353637, -0.22582524425232053, 10.096908894626056, 8.3928789779769, -0.4249044967542859, 0.4880317965835539, 9.642252432774832, 1.559317307222949, 8.962128181906284, 8.491879785517073, 2.567497695694625, 0.9857664006697495, 8.83819933603641, 10.46409737697043, 0.41643807938378674, 9.344801951434679, 0.2823483156848364, 0.11043097035790284, 10.276846763022577, 10.253705261417858, 9.379330797884531, 10.955372526529288, 10.753056027335344, 0.8546366679253531, 0.08442484994364563, 1.9946906827164232, 10.66543343474924, 1.6163144836520815, 2.490331059466558, 0.4112066175414717, 0.0663792273761925, 1.4510016782998283, 9.378527807163112]}