{"J": [[2, 3], [3, 9, 10], [2, 7, 8], [0, 6, 10], [0, 3], [5, 6, 9], [8, 10], [3, 10], [2, 8, 11], [0, 4], [2, 3, 7], [2, 9, 11], [6, 9, 11], [10, 11], [3, 8, 10], [0, 2, 9], [5, 7], [2, 5], [1], [3, 9], [0, 1, 6], [8, 9, 11], [7, 9], [1, 2, 4], [2, 3, 6], [1, 5, 9], [3, 6], [2, 4, 6], [6, 7, 11], [1, 10, 11], [2, 7, 11], [0, 7, 10], [7, 11], [5, 7, 8], [1, 6, 11], [6, 11], [1, 4, 7], [1, 2, 7], [0, 6, 8], [0, 3, 5], [7, 8], [8, 9, 10], [9], [1, 9], [1, 2, 11], [7, 9, 11], [0, 6, 11], [3, 6, 10], [2, 11], [2, 9, 10], [9, 10, 11], [0, 5, 8], [9, 10], [1, 5], [4, 7], [0, 1, 9], [5, 6, 7], [3, 4, 8], [0, 1, 4], [1, 2, 10], [0, 3, 11], [4, 7, 10], [2, 6, 9], [6, 8, 11], [4, 7, 9], [8, 11], [1, 2, 9], [1, 9, 10], [1, 7], [4, 9, 10], [4, 7, 11], [2, 3, 8], [0], [2, 5, 6], [6, 10, 11], [4, 5], [0, 10, 11], [0, 3, 9], [2, 9], [2, 5, 10], [0, 7, 11], [5, 7, 10], [5, 8, 10], [0, 9], [0, 7], [5, 6, 10], [1, 7, 9], [2, 8, 10], [0, 2], [1, 6, 7], [6, 8], [2, 8], [4, 6, 10], [4, 5, 11], [7, 8, 10], [1, 11], [0, 1, 11], [0, 1, 5], [4, 5, 8], [1, 8, 11], [1, 2, 3], [0, 4, 6], [3, 5, 10], [6, 7, 10], [3, 7, 11], [4, 9, 11], [8, 10, 11], [1, 5, 7], [1, 5, 11], [7, 10, 11], [3, 4], [2, 10, 11], [2, 4, 9], [10], [3, 5], [5, 6], [1, 6, 8], [0, 9, 10], [5, 6, 11], [4, 5, 7], [6], [4, 10], [3, 5, 9], [0, 6], [2, 3, 9], [0, 2, 4], [0, 10], [3, 8], [3, 4, 11], [4, 10, 11], [2, 10], [2, 5, 9], [4, 6, 7], [3, 7, 8], [3, 4, 6], [5, 9], [5, 6, 8], [2, 5, 7], [1, 8, 10], [0, 5, 9], [1, 7, 8], [3, 10, 11], [8], [1, 3, 11], [0, 1, 10], [3], [1, 7, 10], [1, 2, 6], [3, 8, 11], [1, 5, 6], [2, 6, 10], [1, 4, 8], [5, 8, 11], [1, 9, 11], [0, 2, 10], [11], [1, 3], [0, 4, 9], [0, 6, 9], [1, 3, 8], [6, 9], [1, 3, 10], [3, 6, 11], [5, 7, 9], [0, 5, 7], [0, 4, 5], [3, 6, 8], [4], [3, 4, 7], [1, 3, 4], [0, 3, 6], [0, 7, 9], [0, 2, 8], [6, 8, 10], [2, 6, 8], [1, 2], [3, 4, 9], [2, 3, 5]], "c": [-0.9969944093809004, 0.6318766144278692, 0.5991240742006219, 0.30687964978395976, 0.2785857489973216, 10.855278489840305, 0.8399795560528738, 11.944308656576334, -0.2579654863378378, 10.103410129287498, 10.968243010286862, -0.24289590241303727, 12.925180746389955, 9.25403035142266, 2.469884712014454, 8.945745181242218, 9.047152601825543, -0.2177700315726756, 10.824104555553271, 9.457506404834024, 0.2152310862103335, 10.827514318195995, 1.1191648800695881, 0.4254166824700687, 8.223877207626701, -0.036320276820471786, 1.3637737471291072, 1.6269819315542176, 1.590501343202917, -0.21486049023270248, 0.68969557829892, 9.730603785346878, 8.378042300600079, 10.654931915924035, 0.8954248711224543, 8.587937820511842, 2.331221465287396, 9.621436321748808, 2.4778313548864155, 1.8033147641995635, 9.834621259346905, 9.721106974499492, 1.8174560214013211, 11.198597641193189, 0.5274357987244388, 0.5710225879044888, 9.946140792037548, 10.393239588728607, 10.571440256052433, 10.454678418864026, -0.14016158517920174, 11.009862440696185, 0.8726638325798978, 1.3295897894554924, 10.638031172864146, 7.8432737840098365, 2.003782180544665, 1.1834672059173308, 9.509786816263718, 10.723511285591556, 1.5542642110978946, 0.22871471497812945, 10.161088499783295, 1.1102432706182916, 11.59107982316891, 0.6293202524898579, -0.37901704584755236, 1.1726412506876258, 9.007754518393806, 8.63556340611296, 1.2027525111034862, 1.8330024122898267, 9.678170564158126, 0.12979973511097476, -0.17912178167009518, 1.0949569588369454, 1.3726447948456537, 0.6759845149411303, 10.738482707428346, 1.5939434804303625, 1.7841041577853716, 0.7158268129360492, 0.625295155921551, 11.93561189982815, 9.825182274068279, 2.0307412610857867, 10.744451557432061, 2.0611334825968295, 9.716836114812903, -0.46956920294298454, 1.2208200792678943, 11.47149050357423, 10.122483449706676, 9.400378896726025, 0.8439442761617993, 0.42961837896263044, 10.454581844612221, 10.554581627910096, -0.1574815896565369, 10.07831570021723, -0.24129461721590717, 10.731930300539544, 0.40664714301761795, 9.786467853102385, 4.045146763556266, 0.446009060954623, 11.467391415402044, 8.930600371758251, 1.70982327690926, 2.0227668042444185, 2.216587310595272, 10.942285326950813, 8.95422900003178, 0.7710449400920902, 0.8858300006258478, 1.7537483516948171, 10.794432057670718, 1.7080913256465526, 0.05123781733720356, 10.095812946162933, 9.867034217406587, 1.1582578683631115, 9.581500115917523, 1.5701131397395423, 2.1130543078198603, 1.6333724842781607, 10.590822984357146, 0.43159004397286926, 0.9015708421687599, 0.4323095194800325, 6.954058825096496, 0.4019463119169542, 9.66729193652459, 11.403316717823545, 10.72485002770732, 10.190599448535602, 11.05282991015652, 1.2091275740248228, 1.2077390617827493, 0.5664253090398417, 8.994069853366657, 12.73546219632382, 8.58799577294957, 1.63523302728336, 1.2304949367690687, 10.75338577052423, 9.902696302719573, -2.030487374200395, 3.2770810159501695, 1.5261273017392374, 0.9941102691938498, 1.077493645962701, 9.424390119463547, 1.4896557180436405, 0.8093327754589618, 9.778397577308409, -0.3935689218628573, 1.1945285657009954, -0.09830355335850638, 9.718121130204441, 11.193047480548824, 9.888552039888353, -0.11292583404198586, 10.71124290137682, 8.625199788039088, 10.975842011176397, 1.4374644648243573, 2.8280515749572133, -0.08589412964791143, 0.29502197936629315, 8.23659990173185, -0.3079170064786745, 10.784209854197854, 0.7166430460836599, 1.0219582824612208, 2.4329138002072677, 9.398919597547213, 7.894878098473599]}