{"J": [[3, 9, 10], [0, 1, 5], [3, 10, 11], [2, 3], [0, 6, 7], [1, 3, 4], [2, 9, 11], [0, 3, 7], [9, 10], [6, 7, 10], [5, 10], [0, 2], [8, 9], [4, 7], [1, 3, 10], [1, 5, 6], [2, 4, 8], [8, 9, 11], [1, 9], [1, 9, 11], [3, 5, 6], [6, 8, 11], [0, 5, 6], [0, 1, 8], [0, 9, 10], [5, 6, 10], [1, 2, 11], [0, 4, 11], [7, 8, 10], [4, 5, 11], [3, 4, 5], [4, 6], [2, 3, 9], [3, 8], [0, 7, 11], [5, 6, 7], [0, 11], [1, 3, 9], [1, 2, 6], [4, 6, 11], [0, 1, 10], [4, 7, 8], [3, 8, 11], [1, 5, 8], [0, 2, 4], [0, 8, 9], [4, 6, 7], [1, 4, 10], [3, 5, 11], [5, 8, 11], [0, 7], [11], [4, 6, 8], [1, 6, 8], [6, 10, 11], [4, 11], [1, 6], [0, 3, 5], [7, 10], [3, 7, 8], [2, 4, 10], [3, 8, 9], [6, 9], [1, 2, 5], [7, 9, 10], [2, 5, 8], [6, 7, 8], [0, 4, 8], [0, 8, 11], [2, 8, 9], [5, 8, 9], [0, 2, 9], [1, 6, 7], [1, 3, 8], [5, 6, 9], [1, 4, 11], [1, 3, 6], [5, 7, 9], [6, 8, 10], [7, 10, 11], [5, 6, 8], [0, 8], [1, 4, 8], [0, 6, 10], [2, 11], [2, 3, 7], [1, 2, 3], [2, 6, 10], [4, 6, 9]], "c": [10.910934061006888, 8.42602340262609, 8.56139467919664, -0.34784880311692157, 11.293929327372357, 0.35718806870646413, 1.1375461386325987, 1.6805086029922007, 0.8546734367756381, 13.092198873183962, 0.7616633287885155, 11.6765463088509, 10.405902131453137, 1.2095907381621362, 11.257961766159946, -0.07553678825552512, 12.357505819296305, 0.17973059398202007, 6.831720186565045, 0.17148831689657085, 9.946960337482484, 1.3635743024312326, 8.485852841102785, 11.463412056741968, 0.8695365916501522, 10.403445523859844, 8.757878041770002, 10.202555583003537, 8.565355716426428, 8.28782170865138, 10.25093848823597, 1.304630847340235, 0.33293669631679457, 8.147339923745147, 9.348357712765658, 1.6243379034377652, 8.905873037101674, 9.193559113094484, 0.9911385164325288, 9.937119843470699, 10.844142335975409, -0.1400620586715149, 9.287182078743747, 10.242898626269918, 10.622466084937093, -0.3627536025672722, 0.9640756691780296, 11.798722168840085, -1.2525290070882487, 9.572511010290505, 1.0664579321557734, 0.4808917373670468, 10.01226597303036, 3.940328750602938, 1.0493271053194813, 9.98339143129544, -0.06295611142631086, 2.350683576361363, 1.261621770401425, 1.5588797105283445, 0.8617451795935691, 10.991374729540116, 1.4122704436582474, 8.479504997928801, 9.400583861777683, -0.15947127395568272, 1.0990331816922663, 9.6537966250075, 0.9105064943029756, 11.294757674041435, 11.369399929935652, 9.637443923222158, 1.7762881009149993, 0.316716067072938, -0.03907051120053118, 9.339175869215387, 0.9505825740039874, -1.2792652512521339, 3.192645692075385, 11.669326661026357, -1.0377391394087376, 10.397452846460858, 2.0293014892124903, 9.75386869757251, 11.696144305382159, 10.16211356416586, -0.06330826487343799, -0.007076153147178799, 10.805736100216071]}