{"J": [[2, 3, 6], [4, 9], [4, 7, 10], [3, 5, 8], [0, 3, 9], [0, 2, 10], [0, 7], [2, 6, 9], [1, 6, 7], [2, 7], [1, 6, 11], [6, 8, 11], [1, 7, 9], [3, 4, 9], [1, 4, 5], [2, 7, 9], [4, 10], [1, 5, 8], [3, 9, 11], [2, 3], [2, 3, 5], [3, 4, 8], [4, 6, 8], [3, 9], [1, 3, 11], [3, 8, 9], [1, 9, 11], [2, 7, 11], [1, 7], [3, 6], [0, 8], [3, 6, 11], [2, 4, 10], [4, 5, 9], [0, 4, 8], [5], [6, 7, 8], [3, 4], [5, 8, 11], [0, 6], [2, 3, 4], [1, 7, 11], [0, 7, 8], [1, 5], [8], [2, 8, 9], [0], [3, 7, 11], [5, 6, 11], [2, 4, 6], [7, 9, 10], [1, 6], [2, 5, 10], [7, 9, 11], [7], [1, 3, 9], [0, 2], [3, 10], [1, 4, 6], [7, 11], [6, 9, 11], [7, 10], [3], [2, 4, 8], [0, 4, 9], [0, 6, 11], [3, 6, 8], [5, 6, 10], [1, 3], [1, 7, 8], [3, 5, 10], [1, 2, 8], [0, 4, 11], [0, 6, 9], [0, 1, 5], [2, 3, 10], [2, 6, 8], [0, 2, 8], [5, 10], [0, 6, 7], [0, 4, 5], [1, 8, 11], [3, 6, 9], [0, 5, 7], [0, 11], [7, 8, 11], [1, 5, 10], [0, 1], [3, 5, 9], [2, 6, 10], [5, 7, 9], [0, 5, 6], [4, 10, 11], [3, 5], [3, 8], [1, 8, 9], [3, 6, 10], [2, 6, 11], [5, 7, 8], [6, 7, 9], [0, 9], [0, 2, 6], [10], [5, 8], [2, 4, 9], [0, 3, 4], [4, 6, 10], [2, 3, 11], [4, 5, 10], [3, 4, 5], [4, 5, 7], [0, 3, 7], [0, 3], [0, 2, 4], [3, 4, 11], [0, 4, 7], [6, 10], [4, 5, 8], [5, 10, 11], [6, 7, 11], [0, 7, 9], [1, 6, 9], [5, 9, 11], [2, 9, 11], [2, 8], [4, 6, 9], [6, 9, 10], [2, 5], [1, 4, 9], [9, 11], [0, 10, 11], [7, 8], [9, 10, 11], [3, 8, 10], [6, 10, 11], [1, 9, 10], [1, 5, 6], [7, 8, 10], [6, 8], [5, 11], [2, 10], [5, 6, 8], [1, 2, 5], [0, 3, 6], [6], [9, 10], [1, 4, 10], [0, 3, 8], [5, 9, 10], [5, 7, 10], [0, 1, 3], [0, 5, 11], [11], [0, 3, 10], [2, 4, 11], [0, 1, 6], [2, 6], [1, 8], [10, 11], [3, 4, 6], [3, 4, 10], [0, 5, 9], [2, 5, 8], [0, 1, 9], [0, 1, 10], [0, 5, 8], [3, 6, 7], [1, 2, 11], [0, 2, 7], [0, 9, 11], [4, 7, 11], [2, 5, 11], [5, 6], [0, 8, 9], [1, 2, 4], [3, 7], [0, 5, 10], [0, 4, 6]], "c": [10.828071923086538, -0.0006698133358553626, 10.494804010766794, 8.67329022709337, 0.7856615601943855, 9.88223655567433, 1.6977874411022769, 10.578679219820573, 10.881928574331265, 9.345485842168834, 2.556397491672231, 0.7637597862632615, 0.11224677510959424, 9.205445657426692, 8.651842718496438, 10.338494519187243, 0.3409651312830134, 9.792238071332111, 10.84722795920071, 8.843946192687442, 9.012376910935687, 2.9872740045643003, 9.87462712836815, -1.120565842583574, 0.6445686657218397, 0.4094918347437416, 9.302946417724991, -0.080577261580276, 10.784186457553414, 8.711907174795975, 10.64154722194038, 9.00814947221397, 10.804668623794113, 9.454466319287427, 0.7744952179958411, 0.008367303935906789, 1.0027792016527628, 0.5730375664040388, 0.8304685936161291, 2.0695252548056136, 11.331892860881212, 2.740972426514202, 8.708989610994657, 11.808027415633003, 7.8237356215848015, 0.4010868955441069, 10.611027462730808, 9.739279970726942, 9.768906487295444, 0.5340239069969948, 9.05673313183485, 0.8009931860369262, 1.045379644602551, 1.6134912412371132, 2.1804392258174863, 0.8033174265121552, 1.0882567305610704, 0.08049812773751963, 10.189935111365111, 10.342475276017733, 8.987047654196132, 1.3031063961187686, 10.991747753596181, 1.1691090297422115, 0.9695165905504277, 9.829139002977886, 9.972547636810436, 10.947671697094712, 9.77054940232486, 10.429497650067304, 9.774664718563034, 0.11858264035482147, 1.581661661756234, 11.393745357519238, 9.381057314481032, 1.0914542988499596, 11.068067912383233, 1.3646938771165005, 2.4038090633732683, 0.9077576732113912, 9.930000226945422, 1.027426618937162, 9.57203344766382, 9.57136618985801, 9.113477962426417, 9.050851399289488, 1.331726648008881, 0.15773237190499112, -0.49233468179004447, 1.8039737815268615, 11.193477099584651, 2.3703314874653465, 10.035766563000703, 9.337949144536296, 1.3090073726986375, 0.8542381469084578, 0.15601953983674088, 10.72757079383829, 10.71159973788827, 1.3533367074987481, 0.4770109500798829, 11.099842943479814, 10.091887095735455, 0.775986415766143, 9.836824437748474, 12.340452723652838, 9.18304921778533, 0.9503569872577243, 9.756857173254334, 10.084766221480013, 1.1684102570554658, -0.12835311633349122, 10.770627652609864, 12.248525339621656, 1.0467219715286689, 10.330194297474472, 1.1658499416272243, 0.6819948325928462, 12.289786250264644, 10.645663988599484, 1.924128532546176, 8.762474531778848, 10.284314648182994, 1.0310039105368307, 1.7099508590429013, 2.3894207170128086, 8.316846393556727, 1.354348132137513, -0.1297881484522374, 0.28656855035802176, 0.22180613163733587, 11.356767571606126, 1.4110840948461565, 0.0840866050768233, -0.2689464810047786, 8.621860406661119, 9.4378684539166, 0.44400690524932074, -0.4521899155340996, 1.5372900386218968, 10.565426188437115, 11.105715555116069, 9.006696574835164, -0.5362039238178762, 2.0219512079521, 10.053774785260847, 9.695035738154285, 1.5798878984378604, 1.3508591058648545, 10.816532722086064, 9.310871476746646, 11.127512208817592, -0.4947225078550379, 2.2514411707187763, 2.494877940193383, 9.778958392514781, 11.49818776263711, 0.8231907404514291, -0.05700416111964457, 1.0380729806314728, 9.843647737579381, 1.4484399562395776, 10.104420174338712, 12.416463213240718, 10.151969534176436, 0.9406455230351243, 10.107566167990306, 1.5832362005802496, 1.238590800796342, 8.672856857932414, 0.13365460947415708, 9.840400521006137, 8.748465386965284, 9.554795700238323, 0.831671750791885, 9.841425713786624, 10.346666435950798, 9.458755497988726]}