{"J": [[3, 10, 11], [8, 11], [6, 11], [2, 5, 7], [0, 1], [1, 8, 10], [0, 6, 8], [0, 8, 11], [0, 9, 10], [0, 5], [4, 7, 9], [1, 2, 6], [7, 9, 10], [1, 4, 9], [1, 4], [6, 8, 10], [6, 7, 10], [3, 6, 9], [0, 4, 5], [0, 11], [4, 5], [0, 2, 3], [0, 1, 7], [11], [7], [0, 1, 6], [2, 8, 11], [4, 6], [0, 2, 4], [1, 3, 9], [2], [1, 2, 7], [2, 3, 6], [2, 4, 5], [4, 9, 10], [2, 9], [3, 6], [1, 3, 4], [5, 9], [3, 5, 8], [6, 10, 11], [4, 11], [5, 7, 11], [1, 4, 11], [6, 8, 11], [1, 2, 10], [4, 6, 8], [3, 4, 11], [2, 6, 9], [2, 6, 11], [6, 9, 11], [0, 2, 8], [1, 7], [0, 5, 11], [3, 9], [1, 6, 9], [1, 2, 11], [1, 2, 8], [0, 6, 11], [1, 5, 9], [3, 4, 8], [6, 9, 10], [0, 5, 7], [1, 6, 11], [2, 8, 10], [2, 3, 8], [1], [1, 4, 5], [6, 8, 9], [4, 9], [2, 6], [5, 11], [8, 9, 10], [2, 5, 10], [4, 5, 11], [4], [2, 4, 9], [7, 10, 11], [0, 7, 11], [1, 8], [3, 6, 7], [0, 3, 6], [6], [1, 9, 10], [3, 4], [0, 2, 10], [0, 2, 9], [1, 6, 8], [0]], "c": [0.7718242282740462, 8.690786273395215, 8.927237634796219, 10.873326481596697, 1.1836643817355532, 7.822924206125534, 2.1194729739013045, 10.589100784324131, 10.644407000943573, 2.0767181919708433, 10.30374966271621, 0.2412272131376113, 10.439134320727657, 1.4935426549476014, 9.302405828220001, 2.8914089845153725, 0.4016575085726116, 10.050173227677611, 9.731379021207081, 1.3206607615058137, 1.5479762866615028, -0.3870569547064777, 10.737494392530586, 0.5606640919550389, 2.1491244271253285, 12.77008197834704, 9.773479704476236, 1.977135431725599, 0.5069998084570118, 10.926945671283228, 11.320605126532602, 9.575594766583528, 1.3332688350046562, 9.657016078798046, 9.9530284946737, 8.827975178783243, 11.144475351492732, 11.02404519611065, 1.5878541130552009, 9.95862681916825, -1.5239661449001622, 1.2110796242020392, 9.893130505856934, 2.449273783738176, 10.210454198579484, 11.101881382532229, 10.901990935659951, 10.59465222815905, 9.801491251447358, -0.7421310159827132, 1.7732578734564906, 0.5206147705164088, 2.8592968522893987, 10.101610746919096, 9.294728916724118, 9.950027551188036, 1.3808561946028226, 10.281121115845966, 0.961614207430361, 9.583924735886267, 1.0775227818279423, 10.628182328914127, 11.092220140285544, 2.210445147948612, 10.00030753796423, 9.39759310938303, 0.8440264559079855, 1.2438662533223874, 10.684716318912132, 9.745914882253777, 9.077216149891195, 10.04518884408653, 1.2218566058184333, 9.82535929053399, 9.220017282210806, 1.0840616232408333, 9.281709650584139, 9.56094369460899, 12.178936255378417, 10.802898823858385, 9.921521640518835, 1.429933111385921, 0.7471557425009383, 10.263038893118157, 8.482522569970035, 0.29292730335929706, 0.2162111631637499, 11.239769413233889, 8.099594494574243]}