{"J": [[3, 7, 10], [2, 5, 6], [4, 6], [0, 1, 7], [0, 6, 8], [3, 4, 10], [3, 4, 6], [8, 9, 11], [7, 8], [1, 5], [0, 1, 11], [2, 3, 11], [8, 10, 11], [1, 7, 11], [1, 3, 9], [0, 4, 9], [3, 6], [4, 5, 10], [0, 2], [1, 4, 8], [0, 6, 7], [2, 9], [0, 8, 9], [3, 6, 10], [1, 3], [3, 7, 9], [2, 8, 10], [0, 8], [1, 4, 6], [3, 8, 9], [3, 9], [1, 5, 10], [0, 7, 8], [0, 3, 4], [4, 8, 9], [0, 2, 9], [2, 7], [4, 9, 11], [3, 8, 10], [0, 11], [1, 2, 10], [0, 1, 6], [3, 5, 9], [7, 10], [3, 10], [2, 3, 4], [1], [1, 8, 11], [4, 7, 11], [0, 4, 10], [4, 8, 10], [0, 5], [4, 5, 9], [4, 6, 7], [1, 4, 9], [0, 1, 5], [3, 4, 7], [8, 9], [2, 9, 10], [4, 9, 10], [0, 10, 11], [3, 9, 11], [6, 9, 11], [1, 2, 11], [1, 5, 6], [0, 3, 9], [1, 2, 4], [0, 1, 2], [2, 7, 9], [3, 4, 9], [1, 9], [6, 8, 9], [5, 8], [3, 7, 8], [1, 4], [2, 8], [3, 5, 6], [1, 6, 9], [0, 6, 11], [0, 9, 11], [0, 6, 9], [6, 10], [1, 2, 7], [4, 5], [2, 3, 10], [2, 4, 9], [8, 11], [2, 5, 8], [7, 8, 9]], "c": [9.03366595770792, 1.9325031457843602, 0.3673333839107311, -0.3091190832361932, 11.376185057193702, 0.6028690573646085, 11.535950096745095, 0.012259757018708073, 10.377899462406134, 1.9022471334781412, 9.927225797674756, 1.3433870110214212, 11.42151104741748, 0.7271382727462867, 0.13962561810286755, 8.850326506014563, 8.256308503737394, 9.85980242903687, 8.830009123201947, -0.16070232713408528, 1.0625123476405298, 0.02687760553173013, 8.851752469050119, -0.49477125462769456, 10.997761424505418, 0.0744737983575886, 1.92309001643647, -0.051445565549632644, 10.170224071548702, 1.6393361317032384, 9.51209706160654, 1.1191491461997427, 0.6703749403775149, 1.2437748038106937, 0.9859716597779598, 9.891250320023453, 1.0638023438087845, 11.180600219477322, 0.48591012698508973, 1.1375567413901884, 1.8715330708697238, -0.6433657354047184, 1.9040567653646783, 0.08995509048942685, 8.90257822609988, 10.00046017489232, 0.06248281458736038, 9.562138616278638, 0.5490114880434425, 1.2447244613822508, 0.3502911140266961, 9.293503805546246, 11.252974975192284, 10.598401302866336, 9.649672408023573, 9.834433390999846, 9.499873920157144, 10.903921015871894, 0.26735247416629837, 2.5416228119531494, 10.31061110001774, 9.982212965118133, 10.234538588813031, 0.7336189031034597, 0.15950141597645007, -0.35804719689899067, 10.893133827108123, 9.684070847390723, 1.3913743221165853, 11.13233293235328, 0.633843422216362, 9.88573261922539, 1.148013898470294, 1.8871203246765154, 9.853627497512438, 10.417026273582264, 9.8911878771726, 8.196023566100347, 1.0514735620597615, 1.4323062504186495, 0.1613738934392538, -0.8218172164338009, 9.080434664416403, 9.577397730189148, 1.050136607767534, 0.7074397827872081, 11.483065558647684, 0.6258868785217315, 0.017440249886002457]}