{"J": [[1, 5, 10], [1, 2, 11], [2, 5], [1, 8, 9], [0, 4, 8], [0, 6, 9], [3, 10, 11], [3, 4, 5], [0, 4, 5], [0, 3, 9], [5, 6, 7], [6, 7, 11], [2, 4, 7], [1, 2, 5], [1, 9], [2, 8], [3, 9], [3, 8, 9], [6, 8, 9], [3, 4, 10], [0, 9, 11], [0, 1, 10], [4, 7], [4, 11], [2, 7, 8], [5, 9, 10], [8, 10], [0, 3, 6], [2, 9, 10], [1, 3, 9], [0, 6, 10], [1, 7, 9], [1, 5, 9], [4, 8], [1, 6, 11], [0, 2, 11], [1, 8, 11], [7, 9, 10], [8, 11], [6, 11], [2, 5, 7], [0, 1], [1, 8, 10], [5, 8], [6, 8], [6, 9], [8], [5, 6, 9], [3, 5, 11], [5, 8, 10], [0, 8, 9], [7, 8], [4, 7, 9], [10, 11], [4, 7, 11], [4, 5, 7], [3, 5, 9], [1, 2, 10], [0, 5, 8], [5, 8, 9], [1, 6, 10], [11], [1, 4], [3, 6], [3, 7, 9], [2, 11], [5], [3], [2, 3, 8], [3, 7, 8], [7, 8, 10], [3, 4, 6], [3, 7, 11], [1, 4, 8], [3, 7, 10], [2, 4, 8], [1, 3, 6], [1, 4, 5], [5, 7, 11], [1], [1, 3, 4], [2, 6, 10], [1, 9, 10], [4, 5, 10], [0, 2, 5], [2, 6, 8], [0, 2, 8], [0, 9, 10], [1, 6, 7], [0, 8], [3, 5, 6], [1, 7, 8], [1, 2, 7], [0, 11], [7, 11], [8, 9, 10], [6, 8, 10], [0, 4, 11], [1, 4, 6], [4, 5, 11], [1, 7], [3, 6, 7], [1, 4, 11], [1, 4, 9], [3, 9, 11], [1, 2, 6], [5, 7, 9], [2, 5, 10], [0, 5, 11], [6, 9, 11], [1, 6, 9], [8, 10, 11], [1, 2, 8], [0, 6, 11], [4, 6, 9], [0, 6, 8], [0, 5, 7], [6, 10, 11], [3, 4, 9], [3, 4, 11], [3, 5, 10], [4, 9], [2, 6], [5, 11], [2, 4, 11], [4], [4, 5, 6], [0, 7, 11], [1, 8], [4, 6, 8], [5, 7, 10], [6], [3, 4], [0, 2, 10], [0, 2, 9], [0], [1, 5, 6], [2, 7, 9], [0, 7, 8], [6, 9, 10], [6, 7, 9], [1, 4, 7], [2, 4, 6], [2, 5, 6], [1, 10], [1, 9, 11], [9, 10, 11], [0, 3], [2], [5, 6, 11], [3, 5, 7], [7, 9], [0, 3, 5], [0, 1, 2], [0, 9], [4, 10, 11], [2, 3, 11], [2, 3, 9], [0, 5, 9], [1, 3], [5, 6], [0, 8, 11], [0, 2, 4], [8, 9, 11], [3, 4, 8], [1, 10, 11], [6, 7, 8], [7], [5, 6, 8], [1, 7, 11], [1, 2, 9], [5, 7, 8], [2, 3, 4], [0, 2], [2, 9, 11], [0, 2, 7], [0, 5, 10], [2, 7, 11]], "c": [0.3768476273597977, 9.719432141043582, 1.912809460579345, 9.302808074333376, 1.820026740856148, 10.888835078563455, 10.711228556746864, 0.742329560658971, 0.8244951298203269, 0.03588588345560184, 1.2287743851631214, 1.8338590235576908, 10.542021308335679, 1.2414964360040615, 9.356337678009925, 10.246103799198451, -0.7002149657307704, 10.626619822386735, 10.463134021033346, 9.93512056820555, 3.8099643205552485, 0.503834395191141, 10.055003771386255, 9.54192592324795, 7.969074735915498, 10.658217841583939, 9.138266964491024, 1.0869824320247745, 8.44573390702672, 0.6659918092274686, 1.3756172368426156, 0.7076095894253054, 10.363094315445881, 0.6128148625957317, 10.90133640522706, 11.106360383758055, 12.497449475614872, 0.7718242282740462, 8.690786273395215, 8.927237634796219, 10.873326481596697, 1.1836643817355532, 7.822924206125534, 2.1194729739013045, 10.589100784324131, 10.644407000943573, 2.0767181919708433, 10.30374966271621, 0.2412272131376113, 10.439134320727657, 1.4935426549476014, 9.302405828220001, 2.8914089845153725, 0.4016575085726116, 10.050173227677611, 9.731379021207081, 1.3206607615058137, 1.5479762866615028, -0.3870569547064777, 10.737494392530586, 0.5606640919550389, 2.1491244271253285, 12.77008197834704, 9.773479704476236, 1.977135431725599, 0.5069998084570118, 10.926945671283228, 11.320605126532602, 9.575594766583528, 1.3332688350046562, 9.657016078798046, 9.9530284946737, 8.827975178783243, 11.144475351492732, 11.02404519611065, 1.5878541130552009, 9.95862681916825, -1.5239661449001622, 1.2110796242020392, 9.893130505856934, 2.449273783738176, 10.210454198579484, 11.101881382532229, 10.901990935659951, 10.59465222815905, 9.801491251447358, -0.7421310159827132, 1.7732578734564906, 0.5206147705164088, 2.8592968522893987, 10.101610746919096, 9.294728916724118, 9.950027551188036, 1.3808561946028226, 10.281121115845966, 0.961614207430361, 9.583924735886267, 1.0775227818279423, 10.628182328914127, 11.092220140285544, 2.210445147948612, 10.00030753796423, 9.39759310938303, 0.8440264559079855, 1.2438662533223874, 10.684716318912132, 9.745914882253777, 9.077216149891195, 10.04518884408653, 1.2218566058184333, 9.82535929053399, 9.220017282210806, 1.0840616232408333, 9.281709650584139, 9.56094369460899, 12.178936255378417, 10.802898823858385, 9.921521640518835, 1.429933111385921, 0.7471557425009383, 10.263038893118157, 8.482522569970035, 0.29292730335929706, 0.2162111631637499, 11.239769413233889, 8.099594494574243, 9.03366595770792, 1.9325031457843602, 0.3673333839107311, -0.3091190832361932, 11.376185057193702, 0.6028690573646085, 11.535950096745095, 0.012259757018708073, 10.377899462406134, 1.9022471334781412, 9.927225797674756, 1.3433870110214212, 11.42151104741748, 0.7271382727462867, 0.13962561810286755, 8.850326506014563, 8.256308503737394, 9.85980242903687, 8.830009123201947, -0.16070232713408528, 1.0625123476405298, 0.02687760553173013, 8.851752469050119, -0.49477125462769456, 10.997761424505418, 0.0744737983575886, 1.92309001643647, -0.051445565549632644, 10.170224071548702, 1.6393361317032384, 9.51209706160654, 1.1191491461997427, 0.6703749403775149, 1.2437748038106937, 0.9859716597779598, 9.891250320023453, 1.0638023438087845, 11.180600219477322, 0.48591012698508973, 1.1375567413901884, 1.8715330708697238, -0.6433657354047184, 1.9040567653646783, 0.08995509048942685, 8.90257822609988, 10.00046017489232, 0.06248281458736038, 9.562138616278638, 0.5490114880434425, 1.2447244613822508, 0.3502911140266961, 9.293503805546246]}