{"J": [[5, 6, 11], [1, 4, 8], [1, 8, 9], [8], [0, 3, 9], [4, 5, 7], [0, 3, 11], [1, 3, 6], [3, 5, 9], [3, 4, 9], [5, 6, 7], [3, 4], [8, 11], [4, 5, 11], [3, 4, 5], [8, 10, 11], [1, 2, 8], [4, 8, 9], [1, 9, 10], [3, 8], [0, 1, 2], [0, 2, 11], [6, 9, 11], [0, 5], [4, 7, 9], [0, 4, 11], [0, 1, 7], [0, 1, 4], [5, 9, 10], [0, 9, 11], [2, 7, 8], [10, 11], [1, 6, 8], [1, 5, 8], [1, 6, 11], [1, 8, 11], [4, 6, 10], [0, 2, 10], [3, 5, 10], [0, 7, 8], [2, 6, 7], [3, 6, 10], [2, 10], [5, 7, 8], [2, 4, 5], [2, 5, 6], [11], [9], [0, 4, 6], [8, 9], [3, 5], [6, 7, 9], [4, 7], [3, 4, 7], [4, 9, 11], [2, 9, 11], [1, 6], [1, 4, 6], [2, 5], [1, 5, 11], [4, 8], [0, 9], [2, 8, 9], [2, 6, 9], [3, 9], [7, 8, 9], [1, 9], [1, 5], [0, 1, 10], [4], [2, 3, 11], [4, 7, 11], [1, 3, 4], [5, 8], [3, 4, 10], [4, 5, 6], [1, 4, 7], [1, 4, 10], [5, 8, 10], [0, 5, 11], [3, 11], [0, 6, 11], [4, 6], [2], [5, 10, 11], [2, 4, 6], [0, 2, 5], [0, 3, 6], [2, 5, 9]], "c": [10.916612365588433, 9.120400559203102, 1.6185830796204848, 7.774074071805683, 8.745296919832086, 1.136588667512654, 10.58568813377501, 11.833398228797368, 1.526564919224328, 9.354421880454606, 1.930761717143222, 8.652842511372778, 1.0656753080536008, 1.9011187273393402, 8.314730437369562, 9.061805261592113, 10.623872254448294, 1.1022805558741804, 10.434664818736296, 10.718070614625137, 10.091108806862302, 0.8977041288644407, 2.6340963450149095, 8.503655834918236, 0.781093117373423, 2.4529619106519798, 9.451905208668817, 10.992678558815374, -0.5958286135786477, 0.28692025830268286, 0.2567852541251847, -0.5958272546537708, 9.454950952101969, 9.255866560908412, 10.07478433512354, 0.8953482421860193, 9.648194339652873, 7.551433317418365, 10.079438675433014, 0.7695206171191126, 0.9810908613244131, 10.124040515483712, 0.4308345611083243, 11.612102657165707, 0.4942526704825815, 1.9326910136173336, 2.143157065653749, 2.0624276466653355, 10.63906925923005, 1.3078966744394747, 1.5692584667986824, 2.404975315229344, 8.708952616314164, 8.988383483008167, 10.619549329830535, 1.1301146386260592, 11.082955304097249, 2.4249052047489874, 9.6399213049615, 8.712941697131013, 1.0562097595918942, 11.884668875740806, 0.49402203978994863, 1.4976080700285834, 11.736626299690286, 1.4301593702960589, 10.896227316755455, 1.0328954463976607, 0.43051579731916245, 8.472279371703506, -0.49125715857434726, 0.41684161902373373, 0.18142493408792482, 8.822879839299622, 0.8981030752831041, 2.8802189931996356, 9.63972743252858, 2.060887870057184, 0.7609226346983602, 8.871924638374027, 10.940600344403755, 10.042124133005178, 10.500384954549153, 9.061605578281776, 10.072589891057877, 9.486327551267545, 1.709527542195918, -0.449510692546621, 10.212443736166472]}