{"J": [[6, 8, 9], [7, 8], [4, 6, 10], [3, 4, 6], [6, 9, 11], [2, 3, 7], [1, 3], [2, 4], [5, 7, 11], [5, 8, 11], [6, 7], [1, 9], [7, 10, 11], [1, 4, 11], [1, 9, 11], [0, 7, 8], [2, 8], [1, 11], [3], [3, 4, 10], [2, 6, 8], [4, 6], [3, 7, 11], [0, 8, 11], [8, 10], [0, 7, 10], [2, 6], [3, 9, 11], [1, 6, 9], [3, 5, 6], [3, 7, 10], [2, 4, 11], [5, 11], [2, 10], [0, 9, 11], [3, 4], [3, 8, 9], [1, 6, 10], [3, 7, 9], [0, 2, 10], [0, 2, 8], [5, 8], [1, 4, 9], [0, 3, 8], [1, 4, 7], [0, 7], [4, 6, 9], [1, 4, 5], [7, 9, 11], [1, 3, 8], [2, 4, 6], [7, 9], [1, 7, 8], [2, 11], [3, 6, 11], [2, 6, 11], [2, 9], [0, 3, 7], [5, 9], [10], [1, 7, 11], [0, 5, 11], [4, 9, 10], [1, 4], [2, 5, 9], [3, 5, 8], [1, 2, 9], [1, 9, 10], [1, 2, 5], [1, 5, 9], [5, 7, 9], [0, 4, 5], [0, 1, 4], [1, 10, 11], [6, 11], [2, 3, 4], [3, 6, 8], [7, 11], [1, 7], [4, 7], [0, 8], [2, 3, 8], [0, 6, 8], [6], [1, 2, 8], [2, 8, 9], [0, 3, 4], [1, 6], [3, 7, 8]], "c": [0.6337527603777692, 8.76964854556989, 10.641502993278513, 9.10309769649226, 1.5186719129185877, 0.3207450801333952, 1.3010053284606544, 2.57553619098798, 11.433966532783238, 11.384300400531949, 8.357932377229039, 0.5369621938687694, -0.5042625774924308, 11.222126978703198, 1.610837603505576, 10.740547656108312, 8.813651314000909, 0.29817302715154514, 0.891894108739399, 0.5192257969291934, 11.328072865381078, 10.591870525294542, 9.667947287381214, 0.996613461424297, 9.269510631961657, 2.2512721246005167, 11.271754993519835, 9.670199278086768, 0.6216737913583812, 11.876380906556582, 2.094065672028359, 3.0204049674023956, 9.595173549140958, 0.5772147001469639, 1.4650376884845429, 11.475971665603987, 1.3587320327408121, 9.734503411762404, 9.684732222233452, 8.905859192532237, -0.01749198188451162, 1.7771461215587467, 0.3762534563911899, 2.4122290902601966, 0.5273383897749329, 9.230944641709248, -0.6055381179463164, -0.18551131605563964, 1.081773264870786, 10.195094174906643, 2.0848678649912546, 9.238390358638465, 8.34943832869742, 0.6017657233602046, 10.651994151904079, -0.29744008329225813, 0.847551986227584, 10.430593861688697, 1.1327928536988927, 1.866512901195219, 1.3902041709764468, 0.8373625420408978, 1.0885492047864949, 0.32697261773878794, -0.06456063546101509, 11.741842105376456, 1.0398032062215923, 10.929441990072492, 1.099561514047108, 10.815484112363231, 0.5442933857860237, -0.36508770121270473, 2.072563529732885, 9.77410092488874, 10.918515164380299, 10.875671479115425, 10.602856821210025, 9.466440065744692, 1.2643241741387798, 1.0910312088666871, -0.12028853586799548, 1.0311779437457336, 10.778567994008371, 10.430584274474874, -0.5299778104394715, 2.9648039008482696, 1.3892239069286192, -0.2100890430321174, 10.846775724499961]}