{"J": [[5, 8, 10], [8, 9, 10], [4, 5], [6, 7, 10], [8, 9, 11], [9, 11], [0, 9, 11], [0], [1, 4, 9], [5, 10], [4, 10], [0, 2, 9], [0, 2, 5], [0, 5, 9], [1, 6], [0, 3, 8], [0, 7, 9], [2, 3, 5], [1, 6, 10], [2, 3, 6], [0, 5, 6], [5, 10, 11], [1, 3, 11], [4, 5, 9], [11], [4, 6, 11], [0, 3, 9], [5, 9], [1, 2, 7], [2, 9, 10], [4, 5, 11], [2, 6, 7], [4, 8], [0, 9], [1, 2, 6], [4, 6, 9], [3, 6, 11], [0, 7, 11], [0, 4, 7], [7], [2, 8], [3, 7, 9], [1, 5, 11], [0, 1, 8], [2, 5], [3, 7], [0, 2, 4], [6, 8], [1, 3, 4], [7, 10, 11], [1, 9, 11], [1, 6, 7], [1, 7, 11], [0, 9, 10], [4, 6, 10], [4, 6, 8], [2, 3, 9], [3, 5, 7], [0, 6], [2, 4, 11], [3, 9, 10], [1, 3, 5], [0, 1, 2], [3, 5, 6], [8, 11], [1, 7, 9], [6, 9, 11], [2, 5, 6], [4, 7], [2, 10, 11], [6, 7], [2, 9, 11], [3, 4, 9], [1, 9], [5, 7, 11], [7, 11], [0, 2, 10], [6, 9], [4], [2, 6, 8], [2, 4, 9], [5, 9, 10], [4, 7, 9], [3, 5, 10], [5], [2, 8, 11], [10, 11], [9], [3, 10, 11], [4, 5, 7], [7, 10], [1, 8], [0, 7], [0, 1, 7], [0, 6, 11], [5, 7], [2], [1, 11], [3, 11], [1, 2, 10], [3, 8, 10], [1, 5, 9], [0, 6, 9], [2, 3, 8], [0, 6, 10], [1, 6, 11], [5, 6, 10], [0, 2, 8], [5, 6, 8], [3, 8, 11], [1, 3, 7], [0, 3], [0, 8, 9], [0, 2, 7], [2, 11], [1, 2, 8], [1, 7, 10], [5, 8], [1, 5, 8], [3, 7, 8], [1, 4], [1, 2, 9], [1, 2, 5], [2, 3, 10], [1, 5, 10], [0, 7, 10], [0, 1, 11], [3, 5, 9], [3, 4, 6], [2, 3, 11], [2, 6, 10], [2, 4], [2, 6], [7, 8, 10], [3, 5, 11], [0, 5], [6, 8, 11], [1, 4, 6], [7, 9, 11], [1, 4, 8], [8, 9], [5, 6], [0, 3, 11], [2, 8, 10], [4, 5, 6], [1, 5, 7], [4, 5, 8], [0, 2, 3], [1, 9, 10], [7, 9, 10], [3, 4, 5], [1, 4, 10], [3, 6], [4, 8, 11], [1, 2, 4], [2, 7, 10], [1, 2], [5, 6, 9], [0, 1, 9], [2, 5, 10], [0, 4], [3, 4, 10], [0, 4, 10], [3, 4, 11], [1, 8, 9], [0, 10], [0, 2, 11], [6, 8, 10], [2, 7, 8], [0, 3, 4], [2, 3, 7], [2, 6, 11], [4, 9], [2, 4, 10], [5, 7, 8], [1, 3, 8], [0, 4, 5], [1, 7, 8]], "c": [-0.08712741431855098, 0.8286339985261186, 10.254258531566892, -0.45890576165992436, 0.3468313627208265, 0.9641409783180314, 10.753037086806467, 9.793869775208504, -0.8088732032013268, 1.9071784972226453, 10.227900646230461, 9.1053375183785, 9.632319040738814, 0.8342923047562875, 8.646785328701657, 11.064476322405909, 10.40411793023768, -0.6517063095324342, 10.772111299176194, 10.39218587287189, 0.07114945008064832, 10.296009638155862, 1.0507568968062233, 10.010757828360692, 10.466302122704278, 1.5299401523830978, 1.336091163243747, 0.9332301194462552, 8.718108358939546, 9.734668115685745, 0.1235112203386961, 9.20187385502734, 11.426988088917106, 11.102003297239332, 10.800918404687376, 9.847000970820336, 8.390957046114666, 10.284105057431066, 10.930147157673323, 10.114163624047986, 1.8022932444682889, 1.9344194916970467, 0.36729548970459625, -0.22092614745040828, 3.0844618200556093, 10.066889284816323, 8.898467370822805, 11.425960879939382, -0.8210517591962061, 1.0047678743394814, 10.142758953756378, 11.339093619157673, 10.735208100901522, 8.94448507439343, 0.9678068842985921, 9.832551197544984, 0.7592294474497959, 10.448697743515917, 2.1941028714109296, -0.5306185916771802, 8.526849699187766, 1.377741142738385, 0.2792228407393206, 2.052956201877176, 8.842461681803286, 12.116799499727945, 0.5078729535547307, 7.998429478646182, 1.396925076495715, 9.793352104191689, 9.868302747847673, 8.718183146676012, 9.263271075208326, 1.673596260929108, 1.5425856721888547, 9.804454657773714, 1.3459114220193857, 11.183171188177056, 1.2411234457665012, -2.025953709044508, 2.0349167290022905, 1.5959101990573967, 9.43347114553195, 2.3157671199157126, 11.663663771116324, 1.0343159176198495, 0.5826626139082302, 3.180000181639762, 1.1596083893893947, 0.9249322549799288, 10.572481175567376, 10.53787428821388, -0.6160481172104662, 0.4989103604018854, 0.0756394169596496, 1.4216427125825408, 8.052899329231982, 1.1104008506896188, 0.4209457559260854, 9.63586116587058, 1.960068026857949, -0.15324485795382325, 1.4827284971539576, 11.235333376144697, 12.669624304187153, 10.581115732451755, 11.46148254011297, 0.7267421633968343, 11.782890469309317, 0.8192949701301543, 10.212676533848551, 11.59795805711341, 0.9952932002399295, 11.67167966581273, 11.87940565461468, 10.433218506937905, 8.940816145939928, 1.3922957987997886, 9.129808527153159, -0.4808142632130008, 11.216812568977645, 1.3874260375174363, -0.10880970720896266, 13.209785928017443, 9.965364688422829, 12.212703138253676, 10.683433594717018, 1.5911649008579225, 1.2107285032218822, 8.215659447699245, 9.834370292739136, 11.244410330077383, 1.7269653916868857, 1.0301413100801602, 2.8046572185467005, 10.830128619431553, 1.7453905380813293, 0.16977191587147944, 9.366196135905518, 0.9342454911811191, 9.363133218113921, 10.172615232132323, 9.542072244984308, 2.2435915760406475, 0.8650163813310194, 1.1247063891285702, 10.965050765656613, 1.9298560936699476, 1.020560411249208, 0.7989513747987163, 10.657103274591414, 2.2940631349311404, 0.4828585765474809, 8.874756324583373, 10.767328794556159, -0.9701462026093159, 0.3279138159636663, 10.315198986354028, 10.970157082240085, 0.7686680874009179, 0.37486511057279526, 0.25838908272732086, 10.970310116570426, -0.07573722711583586, 11.007446046767512, -1.4751222549455898, 9.458795192305637, -0.004030439293810861, 9.413665479030467, 11.078534174064563, 9.959388788373957, 0.25313490702887, 9.519457643114952, 11.045829583816563, 10.794933151956377, 9.098207346965493, 1.1709830841724924, 10.88655988701066]}