{"J": [[5, 9, 11], [4, 5, 11], [3], [4, 8, 9], [6, 8, 9], [4, 10, 11], [2, 3, 10], [4, 7], [0, 8, 10], [9, 10], [6], [8], [1, 7, 11], [6, 7, 11], [7, 8, 11], [3, 5, 7], [5, 7, 10], [0, 4, 10], [8, 10], [2, 7, 11], [7], [1, 3, 4], [1, 4, 6], [0, 9, 10], [1, 2, 9], [1, 9], [3, 6, 9], [0, 3, 6], [11], [2, 7, 10], [2, 9], [0, 6, 10], [3, 4, 10], [1, 6, 7], [5, 8, 10], [0, 6, 9], [2, 10], [1, 4, 10], [5, 8], [5, 7, 11], [0, 1, 8], [8, 11], [2, 8], [0, 5, 7], [0, 8, 9], [1, 10, 11], [0, 10], [9], [4], [2, 5, 8], [1, 8, 11], [0, 4, 11], [1, 4, 9], [7, 8, 10], [1, 3, 9], [0, 3, 8], [7, 10], [1, 4, 11], [3, 4, 5], [1, 5, 9], [0, 1, 2], [1], [0, 6, 7], [3, 7, 10], [4, 6, 8], [1, 9, 11], [0, 2, 8], [1, 11], [0, 2, 3], [1, 3, 6], [5, 10], [0, 4, 9], [6, 8, 11], [1, 2, 10], [1, 2, 4], [4, 11], [3, 5], [4, 5, 7], [4, 5], [2, 6, 8], [0, 5, 11], [1, 7], [5, 8, 9], [1, 4, 8], [5, 6, 7], [9, 10, 11], [6, 11], [0, 1, 3], [1, 2, 11], [6, 7], [0, 5, 6], [0, 7, 11], [0, 4], [2, 3, 8], [4, 6, 11], [3, 6, 7], [1, 3, 8], [2, 8, 9], [3, 8, 10], [3, 9, 10], [0, 7, 9], [0, 3, 9], [1, 4], [1, 2, 3], [4, 8, 11], [0, 4, 8], [3, 4], [0, 7, 8], [6, 10], [3, 5, 8], [2, 6], [5, 7, 8], [4, 7, 10], [3, 10, 11], [1, 10], [2, 5, 10], [6, 8, 10], [0, 6, 11], [6, 9, 10], [2, 4, 5], [6, 8], [5, 8, 11], [3, 9, 11], [5, 11], [1, 8], [3, 10], [5, 7, 9], [0, 4, 5], [2, 3, 9], [2, 5], [2, 8, 11], [2, 3, 7], [10, 11], [5, 7], [0, 1, 6], [4, 5, 10], [3, 6, 10], [0, 3, 4], [2, 6, 10], [0, 4, 6], [4, 5, 8], [8, 9], [0, 10, 11], [3, 4, 7], [2, 3, 11], [6, 7, 8], [0, 5, 10], [2, 5, 9], [0, 8], [4, 7, 11], [4, 6], [0, 1, 7], [1, 3, 10], [0, 6, 8], [4, 7, 9], [2, 4], [1, 4, 5], [4, 5, 6], [8, 10, 11], [2, 4, 11], [5, 6, 9], [2, 6, 9], [3, 8, 9], [0, 3, 10], [1, 2, 7], [1, 3], [2, 7, 9], [5], [0, 5, 9], [0, 1], [4, 7, 8], [0, 2, 4], [2, 4, 8], [2, 7, 8], [3, 4, 11], [4, 10], [0, 2, 7], [2, 5, 11]], "c": [9.575578012694345, 1.5744604995848137, 2.389841984505245, -0.7391938982944057, 8.705031742418827, 2.171530426468199, -0.40355327731431, -0.6977718764249285, 12.699724655867755, 0.4936544258415724, 9.324555947432303, 3.469366093882404, -0.7562782386804989, 0.7005766205081219, 0.5763579020216667, 8.637070419455117, -0.3680993985410326, 9.344145126485387, 2.917284305135116, 1.5018828032922664, 1.0836688467609685, 9.740319873732126, 1.9661639488167735, 8.421074836948648, -0.20408273474634941, 9.471046849463907, 10.167318988522565, 9.727274914697183, 0.917242107469115, 10.021821256910252, 10.126768374971256, 10.585046270757756, 2.402041267770124, 0.17029336227234215, 2.155691661353477, 10.739464178990506, 10.381424964043093, 0.5395527199231509, 9.680031086914477, -1.3289220143172318, 8.114748101722919, 9.88113204613212, 10.596394517279393, 10.737344378925753, 0.4808771311772503, -0.22719842994692319, 9.33573815538092, 10.105511864444145, 10.879989761988556, 10.167621108155307, 10.666425134807533, 9.719442724445388, 10.340070392165632, 10.801980760475905, 1.2702892390169271, 0.3663779962849316, 10.808200584052894, 1.0394199762092278, 9.099263690915487, 9.802727690517868, -0.5606914523511006, 2.7932759897661974, 10.134614729909694, 10.029434282400182, 0.24389837953930116, 0.712537008009938, 0.5338086550704233, 10.286859262309115, 3.281935946486773, 0.26965104189884415, 10.443439298211029, 0.03920077694789703, -0.8368401148574349, 9.716278682895757, 10.400209152208207, 9.178586282577216, 1.325810876259618, 8.7042820207695, 11.844938452815557, -0.261508411728109, 11.082604503835924, 3.01177115457272, 9.02510095118349, 9.563705461644803, 10.302375786258507, 11.323191755124075, 8.724771058634833, 1.4373082043929857, 9.0960061189619, 1.3564362306202193, 1.617533093156894, 9.209909116189715, 10.916251176719962, 1.457764787130432, 0.0703456819824334, 0.32877699895903656, 0.3880390918330876, 11.106227449869403, 0.9323128006308327, 10.575587055354505, 12.126715967846616, -0.45876320509479784, 8.24171170783603, 11.357571948666592, 1.9646615126721594, 9.897958559584717, 1.3527999599615204, 9.470040642914885, 1.8304581765371513, 1.0597120457884885, 1.5473019938344594, 1.0524895179830005, 11.408269648002536, -0.13620269924135298, 1.3472186024877801, 2.2372233265585244, 10.925772473614428, 8.041907653432116, 8.584941770724036, -0.7469633306762302, -0.9884742640000697, 2.789209913866963, 1.166581241046619, 9.484941077250966, 0.14259444720568004, 10.446693682671937, 10.487399126683082, 9.211386440035785, 8.587617189700564, 1.0719385773031793, 1.948110028989023, 10.334664564245735, 10.592317388122193, -2.339465384913137, 0.4367498441386324, 9.250543137839292, 9.952291394737959, 11.214835865827085, 10.500652069626135, 10.208894451495434, 10.82899100252114, 9.118660241390039, 10.961403494750634, 10.788753124692779, 12.088289997868408, 0.46288450396660397, 0.11748878369535665, 10.648483639320865, 2.4363854819394506, 10.247951629745076, 1.3171006785847024, -1.8365837793907382, 1.1669102465126477, 9.145558359051313, 1.4326301379103354, 3.1300232908962347, 0.6057087025251365, 1.0779373589683592, 11.935320515899528, 8.728300618880596, 1.3195604733759763, 0.16891589727632716, 10.283034536934036, 1.5311317808977332, 9.191773162303521, 0.08207927395187165, 0.550703063168692, 1.2268185140809043, -0.5547388089323488, 10.41114607110154, 1.8884504282567884, 0.5467662758590344, 0.38339088101112506, 0.966328317777688, 0.5883937327200998, 0.5000655887650014, 1.3895778766377567, -0.9132520553951755]}