{"J": [[8, 9, 10], [1, 5], [0, 3, 4], [1, 3, 4], [1, 2, 11], [7], [3, 4, 9], [4, 5, 8], [3, 11], [5, 10, 11], [3, 5, 7], [3, 9, 11], [1, 5, 11], [2, 4, 6], [0, 6, 11], [3, 8, 9], [2, 9, 10], [7, 8, 10], [3, 6, 7], [3, 7], [1, 4], [3, 10, 11], [4, 11], [3, 5, 9], [11], [0, 1, 11], [0, 2, 8], [0, 2, 7], [0, 2, 4], [8, 9, 11], [2, 11], [2, 3, 9], [0, 10], [0, 6, 8], [2, 5, 8], [0], [4, 9], [3, 5, 11], [0, 3], [2, 6, 8], [1, 8], [2, 3, 5], [6, 8, 11], [0, 4, 7], [6, 10], [0, 2, 10], [4, 7, 11], [4, 10], [0, 7, 9], [1, 6, 9], [0, 4, 5], [1, 7, 8], [3, 8, 10], [2, 8], [3], [2, 7, 8], [2, 4, 7], [1, 7, 9], [2, 4, 8], [2, 5], [1, 4, 9], [3, 7, 9], [3, 6, 8], [9, 11], [0, 10, 11], [7, 8], [4, 6, 11], [0, 6, 7], [2, 3, 7], [2, 3, 8], [6, 8, 9], [4, 5, 11], [1, 5, 6], [2, 3, 4], [1, 9, 11], [6, 7, 9], [5, 6, 7], [5, 6, 10], [6, 8], [5, 11], [1, 7, 10], [2, 10], [0, 9], [1, 2, 5], [0, 3, 6], [6], [9, 10], [3, 4, 5], [0, 3, 8]], "c": [0.5730375664040388, 0.8304685936161291, 2.0695252548056136, 11.331892860881212, 2.740972426514202, 8.708989610994657, 11.808027415633003, 7.8237356215848015, 0.4010868955441069, 10.611027462730808, 9.739279970726942, 9.768906487295444, 0.5340239069969948, 9.05673313183485, 0.8009931860369262, 1.045379644602551, 1.6134912412371132, 2.1804392258174863, 0.8033174265121552, 1.0882567305610704, 0.08049812773751963, 10.189935111365111, 10.342475276017733, 8.987047654196132, 1.3031063961187686, 10.991747753596181, 1.1691090297422115, 0.9695165905504277, 9.829139002977886, 9.972547636810436, 10.947671697094712, 9.77054940232486, 10.429497650067304, 9.774664718563034, 0.11858264035482147, 1.581661661756234, 11.393745357519238, 9.381057314481032, 1.0914542988499596, 11.068067912383233, 1.3646938771165005, 2.4038090633732683, 0.9077576732113912, 9.930000226945422, 1.027426618937162, 9.57203344766382, 9.57136618985801, 9.113477962426417, 9.050851399289488, 1.331726648008881, 0.15773237190499112, -0.49233468179004447, 1.8039737815268615, 11.193477099584651, 2.3703314874653465, 10.035766563000703, 9.337949144536296, 1.3090073726986375, 0.8542381469084578, 0.15601953983674088, 10.72757079383829, 10.71159973788827, 1.3533367074987481, 0.4770109500798829, 11.099842943479814, 10.091887095735455, 0.775986415766143, 9.836824437748474, 12.340452723652838, 9.18304921778533, 0.9503569872577243, 9.756857173254334, 10.084766221480013, 1.1684102570554658, -0.12835311633349122, 10.770627652609864, 12.248525339621656, 1.0467219715286689, 10.330194297474472, 1.1658499416272243, 0.6819948325928462, 12.289786250264644, 10.645663988599484, 1.924128532546176, 8.762474531778848, 10.284314648182994, 1.0310039105368307, 1.7099508590429013, 2.3894207170128086]}