{"J": [[2, 4, 9], [3, 5, 7], [3, 4, 6], [2, 3, 9], [1, 5], [7], [1, 3, 4], [0, 10], [4, 6, 10], [1, 6], [0, 2, 11], [5, 6, 9], [6, 10, 11], [0, 7, 8], [4, 8, 10], [4, 5, 6], [0, 2, 7], [6, 8, 10], [7, 9, 11], [2, 8], [4, 5], [0, 1], [5, 7], [4, 6, 9], [7, 10, 11], [1, 5, 8], [1, 3, 9], [2, 5, 7], [1, 9], [4, 8, 9], [0, 8], [5, 9], [0, 7, 11], [2, 8, 9], [2, 6], [1, 7], [1, 11], [1, 9, 10], [3, 4], [3, 11], [0, 5], [3, 4, 9], [0, 9, 10], [2, 6, 7], [1, 5, 9], [0, 9], [1, 7, 9], [7, 8, 9], [2, 7, 9], [2, 10, 11], [1, 3, 8], [2, 9, 10], [1, 6, 10], [0, 4, 9], [0, 8, 11], [2, 6, 11], [3, 5, 9], [2, 5, 9], [3, 7, 11], [2, 5, 11], [1, 4, 9], [8, 9, 11], [11], [3, 6, 8], [0, 6, 11], [0, 6, 10], [0, 6, 7], [4, 10, 11], [0, 3, 4], [0, 3, 5], [0, 10, 11], [5, 6, 7], [3, 10], [5, 7, 10], [3, 6, 9], [3, 7], [0, 8, 9], [1, 5, 11], [2, 5, 6], [1, 3, 6], [6, 7, 8], [4, 6], [4, 9], [5, 9, 11], [9, 10], [0, 8, 10], [9, 11], [0, 3, 7], [2, 3, 10]], "c": [8.778548638683297, 8.595245380132129, 0.5257041235332731, 10.31112440189932, 10.155730193468433, -0.2073908510709237, 2.7123687031760184, 0.22495697093454636, 9.410139253734169, 10.186107782872218, 1.6323360519419285, -0.129216075945902, 0.29492465425072256, 10.049724218419868, 9.223848875040485, 9.43331953241061, 11.058670689021568, 10.196578563733325, 0.19594657010458516, 1.495095765778179, -1.1247014069461203, 9.605675698861162, 12.191787153226752, 9.603868412859605, -0.3063176106785819, 0.10909888082198915, 9.900500525050237, 2.2761269569110834, -0.8245982203965332, 1.6610113702072165, 9.634334726296647, 9.06928652038005, 10.21439856568052, 10.024419956960008, -0.8907989900642801, 0.487612116415549, 0.8797265691029059, 10.54994818440937, 1.7071610774584332, 0.8543533696550888, 12.251746311579705, 9.391316030491623, 8.226441272639935, 1.8910949446011667, 1.3497551387568465, 1.733160680672988, 9.077034314310179, 9.994362439109098, 11.116873395498104, 11.216310386249322, -0.580415527326827, 11.97398220256811, 10.828071923086538, -0.0006698133358553626, 10.494804010766794, 8.67329022709337, 0.7856615601943855, 9.88223655567433, 1.6977874411022769, 10.578679219820573, 10.881928574331265, 9.345485842168834, 2.556397491672231, 0.7637597862632615, 0.11224677510959424, 9.205445657426692, 8.651842718496438, 10.338494519187243, 0.3409651312830134, 9.792238071332111, 10.84722795920071, 8.843946192687442, 9.012376910935687, 2.9872740045643003, 9.87462712836815, -1.120565842583574, 0.6445686657218397, 0.4094918347437416, 9.302946417724991, -0.080577261580276, 10.784186457553414, 8.711907174795975, 10.64154722194038, 9.00814947221397, 10.804668623794113, 9.454466319287427, 0.7744952179958411, 0.008367303935906789, 1.0027792016527628]}