{"J": [[0, 3, 10], [6, 9], [5, 8], [4, 9, 10], [2, 8, 10], [4, 7, 8], [2, 6, 10], [4, 7, 9], [3, 6, 11], [0, 5, 7], [0, 11], [3, 6, 9], [5, 7, 9], [2, 8], [1, 2, 7], [8, 9, 11], [2, 4, 8], [5, 8, 11], [2, 3, 10], [2, 5], [1, 6, 11], [4, 5, 11], [4, 5, 7], [1, 2, 10], [2, 8, 9], [2, 4, 11], [4, 7, 11], [0, 9, 11], [5, 6], [9], [0, 8, 9], [3, 4, 10], [0, 1, 7], [10, 11], [0, 2, 11], [7], [4, 10, 11], [1, 2, 8], [1, 9], [4, 9], [1, 7, 11], [5, 6, 9], [0, 5, 11], [5, 9], [6, 9, 11], [0, 10, 11], [7, 10], [2, 6, 7], [0, 8], [2, 9], [5, 9, 11], [2, 10, 11], [3, 4, 6], [10], [6, 8], [3, 7, 10], [3, 6, 10], [7, 10, 11], [0, 2, 6], [0, 10], [1, 2, 4], [0, 2, 9], [1, 3, 5], [3, 5], [1, 6], [0, 2, 7], [5, 9, 10], [2, 6, 8], [3], [2, 7, 10], [2, 7, 11], [1, 3, 9], [0, 9, 10], [2, 5, 7], [6, 8, 10], [0, 4, 10], [0, 5, 8], [1, 5, 7], [5, 8, 9], [5, 11], [3, 10, 11], [5, 7, 8], [1, 8, 10], [2, 5, 10], [2, 6], [2, 5, 8], [0, 2, 5], [7, 8], [1, 2, 9]], "c": [10.316562448487769, 1.194940793354509, 9.946110639735242, 0.9444313886465485, 1.2462340334691309, 10.790223289445391, 10.123980932288244, -0.23695027996602636, 8.718763063640838, 9.320220487715837, 1.3954566664408583, -0.7145678307249999, 1.5863405430676125, 9.629776106702113, 8.798909155446866, 1.3038901092632995, 0.7013453587281506, -2.30261877062452, 1.312070131774401, 1.1791731623069497, -0.6251012677890868, 10.784934052946998, 10.79344178691485, -1.0639700646215067, 11.199523959069932, 8.373369072887046, 11.949902828523346, 1.3988630662096717, 0.9298289869539743, 11.088115422521755, 1.0625080437849506, 1.9604264703791434, 8.970064713915269, 0.9391310203635711, -0.11705388729588773, 8.366837011884131, 9.408830096496015, -0.14816806221632484, -0.30631499069653034, 0.7018644057876543, 11.784788706813929, 1.2690030882235677, 2.3735719637023927, 2.498901169375233, 10.747460579558547, 0.38024957917530555, 0.2412490680487619, 1.1511581929267596, 10.665258790398795, 1.6061795610615759, 9.399739044208829, 0.38961968530696256, 1.7480422330369385, 10.925190804077165, 1.524822078296795, 9.722261828028909, 0.3837751563654397, 9.667860787657206, 1.8224447717493955, -0.23188413710979283, 0.660692357051448, 1.5359894846020716, 0.6575134459446261, 1.6945873338428301, 9.677069870869612, 10.145924256057361, 1.8186688545820757, 11.109117107434887, 1.2207743851183799, 9.90110747003778, 0.5275773734647916, 0.5022594185575977, 1.3294738214620714, 8.827004145865406, 10.045758912352953, 1.4458116257929585, 0.4607814335042085, 1.373865482800968, 0.2561261853535064, 9.86435416300465, 1.5905179359018426, 0.7650091779279389, 1.5901100025596386, 10.823021506481464, 9.011741542961651, 0.1958343627714907, 0.6535813970616395, 10.412923940674524, 9.724971457859983]}