{"J": [[4, 5], [0, 8, 10], [4, 6, 9], [2, 7, 8], [5, 8, 9], [4, 6, 10], [3, 7, 8], [0, 3, 11], [1, 2], [8, 11], [6, 7, 8], [1, 3, 8], [1, 2, 11], [2, 8, 10], [7, 8, 11], [6, 8, 9], [5, 9, 11], [4], [2, 9, 10], [1, 9], [0, 10, 11], [6, 10, 11], [7, 10, 11], [1, 3, 7], [2, 7, 10], [7, 8], [7, 9, 11], [3, 4, 6], [2, 3, 7], [1, 3], [2, 4], [6, 7], [6, 7, 11], [5, 6, 9], [1, 4, 11], [1, 9, 11], [0, 7, 8], [2, 8], [1, 11], [3], [3, 4, 10], [2, 6, 8], [4, 6], [1, 7, 9], [0, 5, 11], [6, 8], [2, 4, 8], [2, 6], [4, 10, 11], [5, 11], [0, 7], [2, 6, 7], [0, 6, 9], [1, 2, 7], [1, 6, 8], [0, 1, 6], [2, 4, 11], [6, 8, 11], [4, 5, 8], [3, 7, 11], [4, 7, 11], [0, 4, 10], [4, 7, 8], [1, 9, 10], [0, 2, 11], [2, 5, 11], [1, 10], [0, 9], [6, 9], [0, 10], [3, 5, 7], [0, 6, 7], [0, 1, 7], [0, 5, 10], [0, 9, 10], [3, 9], [3, 8], [1, 8], [10, 11], [0, 3, 8], [1, 4, 7], [4, 5, 11], [1, 4, 5], [5, 7, 9], [6, 9, 11], [2, 4, 6], [7, 9], [1, 7, 8], [2, 11], [2, 6, 11], [2, 9], [0, 3, 7], [5, 9], [10], [1, 7, 11], [3, 8, 11], [1, 6, 10], [1, 4], [2, 5, 9], [1, 2, 9], [3, 7, 10], [1, 2, 5], [1, 5, 9], [1, 6, 9], [0, 4, 5], [0, 1, 4], [1, 10, 11], [6, 11], [2, 3, 4], [2, 5, 8], [7, 11], [1, 7], [4, 7], [0, 8], [2, 3, 8], [0, 6, 8], [6], [1, 2, 8], [0, 3, 4], [1, 6], [2, 4, 9], [0, 5, 7], [0, 1, 11], [3, 5, 11], [1, 4, 8], [0, 4, 9], [0, 5, 8], [8, 10], [1, 3, 5], [2], [1, 4, 9], [4, 9, 10], [3, 5, 6], [0, 3, 9], [1, 3, 11], [1, 3, 6], [2, 3, 11], [1, 5, 7], [1, 6, 7], [0, 7, 11], [5, 10], [1, 3, 10], [4, 11], [5], [1, 2, 3], [3, 6, 10], [4, 9, 11], [0, 2], [0, 3, 10], [3, 8, 9], [0, 5, 6], [2, 10, 11], [5, 6], [1, 3, 9], [4, 5, 10], [1, 2, 6], [2, 3, 10], [3, 5, 10], [3, 4], [4, 6, 8], [5, 7, 8], [1, 3, 4], [8, 9], [0, 6], [5, 8, 10], [1, 5, 6], [0, 1, 5], [6, 9, 10], [0, 6, 11], [3, 4, 7], [8, 10, 11], [0, 2, 8], [3, 7], [0, 4], [9, 10, 11], [4, 7, 10], [3, 10], [1, 5]], "c": [11.252974975192284, 10.598401302866336, 9.649672408023573, 9.834433390999846, 9.499873920157144, 10.903921015871894, 0.26735247416629837, 2.5416228119531494, 10.31061110001774, 9.982212965118133, 10.234538588813031, 0.7336189031034597, 0.15950141597645007, -0.35804719689899067, 10.893133827108123, 9.684070847390723, 1.3913743221165853, 11.13233293235328, 0.633843422216362, 9.88573261922539, 1.148013898470294, 1.8871203246765154, 9.853627497512438, 10.417026273582264, 9.8911878771726, 8.196023566100347, 1.0514735620597615, 1.4323062504186495, 0.1613738934392538, -0.8218172164338009, 9.080434664416403, 9.577397730189148, 1.050136607767534, 0.7074397827872081, 11.483065558647684, 0.6258868785217315, 0.017440249886002457, 0.6337527603777692, 8.76964854556989, 10.641502993278513, 9.10309769649226, 1.5186719129185877, 0.3207450801333952, 1.3010053284606544, 2.57553619098798, 11.433966532783238, 11.384300400531949, 8.357932377229039, 0.5369621938687694, -0.5042625774924308, 11.222126978703198, 1.610837603505576, 10.740547656108312, 8.813651314000909, 0.29817302715154514, 0.891894108739399, 0.5192257969291934, 11.328072865381078, 10.591870525294542, 9.667947287381214, 0.996613461424297, 9.269510631961657, 2.2512721246005167, 11.271754993519835, 9.670199278086768, 0.6216737913583812, 11.876380906556582, 2.094065672028359, 3.0204049674023956, 9.595173549140958, 0.5772147001469639, 1.4650376884845429, 11.475971665603987, 1.3587320327408121, 9.734503411762404, 9.684732222233452, 8.905859192532237, -0.01749198188451162, 1.7771461215587467, 0.3762534563911899, 2.4122290902601966, 0.5273383897749329, 9.230944641709248, -0.6055381179463164, -0.18551131605563964, 1.081773264870786, 10.195094174906643, 2.0848678649912546, 9.238390358638465, 8.34943832869742, 0.6017657233602046, 10.651994151904079, -0.29744008329225813, 0.847551986227584, 10.430593861688697, 1.1327928536988927, 1.866512901195219, 1.3902041709764468, 0.8373625420408978, 1.0885492047864949, 0.32697261773878794, -0.06456063546101509, 11.741842105376456, 1.0398032062215923, 10.929441990072492, 1.099561514047108, 10.815484112363231, 0.5442933857860237, -0.36508770121270473, 2.072563529732885, 9.77410092488874, 10.918515164380299, 10.875671479115425, 10.602856821210025, 9.466440065744692, 1.2643241741387798, 1.0910312088666871, -0.12028853586799548, 1.0311779437457336, 10.778567994008371, 10.430584274474874, -0.5299778104394715, 2.9648039008482696, 1.3892239069286192, -0.2100890430321174, 10.846775724499961, 10.910934061006888, 8.42602340262609, 8.56139467919664, -0.34784880311692157, 11.293929327372357, 0.35718806870646413, 1.1375461386325987, 1.6805086029922007, 0.8546734367756381, 13.092198873183962, 0.7616633287885155, 11.6765463088509, 10.405902131453137, 1.2095907381621362, 11.257961766159946, -0.07553678825552512, 12.357505819296305, 0.17973059398202007, 6.831720186565045, 0.17148831689657085, 9.946960337482484, 1.3635743024312326, 8.485852841102785, 11.463412056741968, 0.8695365916501522, 10.403445523859844, 8.757878041770002, 10.202555583003537, 8.565355716426428, 8.28782170865138, 10.25093848823597, 1.304630847340235, 0.33293669631679457, 8.147339923745147, 9.348357712765658, 1.6243379034377652, 8.905873037101674, 9.193559113094484, 0.9911385164325288, 9.937119843470699, 10.844142335975409, -0.1400620586715149, 9.287182078743747, 10.242898626269918, 10.622466084937093, -0.3627536025672722, 0.9640756691780296, 11.798722168840085, -1.2525290070882487, 9.572511010290505, 1.0664579321557734, 0.4808917373670468]}