{"J": [[3, 4, 11], [5, 7, 11], [5, 6, 11], [2, 4, 7], [2, 7, 11], [0, 1, 11], [4, 5, 10], [2, 10], [3, 7, 10], [5], [7, 11], [5, 9], [1, 5, 7], [0, 1, 9], [1, 2, 8], [6, 7, 10], [4, 6, 11], [1, 5, 6], [6, 7, 8], [2, 4, 10], [0, 5, 7], [0, 4, 7], [0, 8, 10], [7, 8, 10], [6, 8, 9], [0, 5], [1, 7, 10], [6, 7, 9], [6, 10, 11], [4, 10], [4, 6], [8, 11], [2, 4], [0, 1], [5, 7, 10], [0, 1, 6], [3, 5, 9], [4, 5, 9], [0, 4], [0, 11], [0, 1, 10], [0, 2, 6], [1, 7, 8], [3, 8, 10], [1, 6], [2, 4, 9], [4, 6, 7], [3, 11], [0, 8, 9], [3, 6, 7], [1, 7, 9], [0, 4, 9], [2, 3, 10], [3, 5, 11], [1, 9], [0, 7, 8], [4, 10, 11], [0, 7, 10], [5, 6, 7], [2, 10, 11], [11], [1, 6, 9], [0, 9], [0, 6, 7], [0, 3, 8], [5, 10, 11], [0, 2, 11], [3, 8, 11], [2, 3, 6], [0, 6, 11], [3, 9, 11], [0, 2, 9], [3, 4, 9], [2, 6], [1, 4, 7], [1, 6, 10], [7, 8], [6, 9, 11], [1, 3], [1, 6, 7], [5, 6, 8], [5, 6], [5, 7, 9], [9, 11], [3, 10, 11], [1, 5], [6, 7], [1, 3, 10], [0, 5, 9], [1, 4, 5], [1, 3, 7], [4, 11], [3, 4, 5], [4, 7, 11], [3, 6], [0, 4, 6], [2, 11], [2, 6, 8], [2, 9], [3, 7], [1, 2, 6], [1, 5, 9], [4, 7, 10], [0, 6, 10], [0, 1, 3], [0, 5, 11], [2, 7, 10], [0, 2, 10], [3, 5, 7], [3, 5], [2, 7, 8], [1, 8, 9], [3, 4], [2, 6, 9], [3, 6, 8], [2, 3, 7], [1, 3, 6], [0, 9, 10], [4, 5, 11], [0, 7], [1, 2, 4], [4, 9, 10], [8], [0], [4, 9], [6, 11], [4], [1, 3, 8], [4, 8, 11], [10], [6, 8, 10], [7, 9, 10], [1, 8], [0, 2, 7], [5, 9, 11], [2, 9, 11], [2, 6, 11], [3, 4, 8], [2, 4, 8], [5, 8, 11], [0, 5, 6], [1, 3, 11], [8, 9, 11], [4, 6, 8], [0, 9, 11], [6, 7, 11], [2, 8, 11], [1, 4, 6], [0, 4, 5], [0, 7, 9], [2, 5, 7], [0, 4, 11], [2, 5, 9], [8, 9, 10], [7, 8, 11], [0, 3, 11], [0, 1, 7], [0, 8], [1, 4, 11], [0, 6], [1, 6, 8], [3, 8], [5, 8], [0, 2, 5], [2, 4, 6], [5, 6, 9], [6, 9, 10], [8, 10, 11], [5, 7, 8], [2, 8], [8, 10], [6, 8, 11], [3, 9, 10], [2, 7], [4, 5, 6], [0, 3, 5], [5, 8, 10], [3, 6, 11]], "c": [0.7009120244202801, 11.643368228366516, 9.584045195504189, 0.30274088246576325, 0.5239829477212925, -0.19028637705307894, 10.756589167869688, 11.654447974846669, 0.10060618915000485, -0.5197942302477687, -0.3245334659027328, 9.862581575532412, 11.533505311760269, 11.991389659588027, 1.7355919304299157, 0.9624477360662957, -0.21817757217985112, 9.580975103786939, 0.6536283916910777, 11.440180606402722, 11.171646042392652, 0.6418474103214027, 1.3629686878962923, -0.11068289771669204, 10.79159917946339, 1.779137080037411, 2.409863873748262, 9.524766088739039, 2.329208614166535, 11.00420521486979, 9.917518710143614, 0.8955431683000954, -0.45780621000317234, 10.251220195675412, 1.7300980816596307, 9.0426189285094, 0.1601271061902193, 0.4765197555223827, 0.5837898884772698, 10.138303518490813, 9.067389644972156, 11.123502160620598, 10.617532812170781, 10.775751497817904, 1.4052705152873681, 2.927637263884349, -0.00940546878177173, 0.8366870604871367, 0.2895447866054235, 0.3297118221297406, 10.313693296910406, 1.3616894396310157, 0.06762621998751683, 9.576791446816896, 0.025337867224990096, 9.158314317360325, 10.466166578829407, 0.04865842301889378, 2.2488977368518404, 3.826790094964854, 12.396665536114337, 10.71932942534641, 10.063880271714776, 0.7488616700923747, 1.9647202852239716, 0.4850382905596179, 0.4641403611322199, 2.3285284388464156, 10.038238869675412, 10.558410790795216, 9.824029048731814, 11.442015903896554, 10.199187417968588, 10.99639780343578, 9.629046833483693, 1.6073138430439988, 1.4488982523784932, -0.9195492442471613, 2.2616806104400133, -0.09229505732263976, -0.43815799852238246, 11.118324481302007, 10.643838342043843, 10.360401210804232, 2.212429509484047, 8.997889209901567, 10.972683050036348, 1.3682119878441537, 10.18494649390404, 9.500036014098976, 10.803949438834541, 1.5377465647102322, 10.740599242777243, 0.6004942778875699, 1.4028969516776493, 1.8001161027050905, 7.603408686279799, 9.285245779329777, 9.210337738203489, 9.68778252844529, 11.362460374464648, 0.6299435166161831, 2.3645281754720404, -0.12850721681543154, 11.418374079266787, 11.923167530169684, 10.163768321870657, 8.88439705171335, 1.7835634808668865, -1.3832551169658993, 8.863312786083393, 1.4693177892041909, 9.397077625900412, 10.590520001728141, 10.808938867765624, 11.229288025860793, 10.888598112253197, 10.2564052574735, 10.374278271994072, 0.8366362342807858, 1.596341511857037, 1.443279325844284, 9.639726037500056, 0.017357124958287562, 2.6024578016192406, 1.9526255866146667, 10.429335594925977, 10.56392869588367, 11.587188586689589, 8.380777573710631, 10.145378422214527, 1.785270367238189, 2.030501330933352, 9.83086513010967, -0.4997924989212128, 0.032268458624459595, -0.017654269146168744, 1.65727183085485, 9.44461822422902, 1.4965396843247107, 0.2201391386222672, 0.33555417333810056, 0.15253708148818446, 9.64376061715712, 0.14067692708097268, 9.413733450344955, 3.4376900174235114, 0.016901359147512673, 10.177295166068221, 2.901999265554335, 0.4037859404705605, 10.984046023222767, 1.8397199145434209, 8.664831938029108, 11.108522374598053, 1.8781589073393112, 1.4075036670819134, 0.5584213341142963, 9.846888798219467, 10.001750400793922, 9.007554412308076, 2.4223658982656753, 1.7163969509822903, 10.551485922739975, 9.025731171373346, 8.242414975459676, 0.6411920961988464, 10.795012008026958, 1.4405061860087047, 1.4115332892754038, 2.4880883178278115, 9.734438466958279, 8.708358506189382, 9.25422843974863, 0.5841820230859743, 0.2661174673258814, 2.9397151750979567, 9.967011949149834]}