{"J": [[3, 5, 6], [0, 5, 9], [0, 5, 6], [2, 10, 11], [4, 7], [3, 9, 11], [3, 6], [4, 6, 11], [6, 11], [5, 9, 11], [0, 2, 7], [0, 9, 11], [0, 6, 11], [7, 8, 10], [0, 2, 8], [2, 5, 11], [0, 2, 6], [1, 3, 6], [4, 9], [1, 2, 9], [4, 8], [7, 8, 11], [0, 1, 5], [6, 9, 10], [5], [0, 4], [0, 3, 11], [0, 4, 7], [1, 3], [7], [0, 5, 10], [0, 6, 9], [0, 2, 10], [8], [7, 9], [1, 2], [0, 3, 5], [2, 4, 10], [0, 6, 10], [1, 8, 11], [0, 3, 10], [3, 10], [0, 4, 9], [4, 6, 8], [1, 2, 7], [3, 8, 11], [8, 9], [2, 3, 6], [1, 7, 10], [3, 5, 10], [0, 3, 4], [5, 9, 10], [4, 7, 10], [1, 3, 4], [3, 7, 8], [2, 7, 11], [3, 7, 9], [0, 4, 11], [0, 4, 8], [4, 8, 9], [0, 10], [2, 8, 9], [1, 6, 10], [0, 5, 8], [5, 6, 8], [5, 6, 9], [0, 8, 11], [4, 6, 7], [3, 4, 10], [5, 7, 9], [1, 5, 7], [1, 9, 10], [3, 6, 9], [0, 7, 8], [2, 4, 6], [3, 6, 11], [2, 5, 8], [2, 8, 11], [1, 11], [2, 4, 9], [0, 2], [4, 10], [4, 7, 11], [4, 8, 10], [1, 2, 8], [3, 4, 6], [11], [3, 7], [0, 2, 5]], "c": [1.0495611058591865, 2.4240015340062304, 10.579427687591796, -0.04814650516104635, 1.0111277726392451, 10.632241103391252, 0.8612007308592705, 0.9983585347600132, 9.319006282147585, 1.9268822854148364, 0.14540585185202137, 10.335938864760736, 11.604772169299684, 8.620992885553289, 9.563869847019005, 9.189073713609003, 10.302753397951783, 10.6380203773183, 0.5508539300550608, 0.4929548784662332, 9.135513319790487, -0.8714703021400731, 9.845706992701215, 7.661998030818514, 8.47869084154844, 10.47709807890728, 11.386167124959801, -1.7871701292738513, 11.348577496509206, 0.9356748886954873, 2.7006334875498235, 0.6075259854535205, 10.298280289876233, 8.688411049787897, 8.047539166877463, 8.961823695133782, -0.1807100431470039, 2.813752613077043, 8.625430693530644, 8.274767471294236, 9.485625177893487, 9.930194521230128, 10.921121151454713, 10.68200753265915, 9.46334429587013, -0.4687492445552637, 9.128442465133439, 1.7566978650284764, 9.265848179722068, 8.79391976180062, -0.13863747877637445, 9.930281030762316, -1.0602289195931585, 9.065505446734258, 10.213552985783782, 10.05626011653338, -0.19772452709630328, 1.0319033999133167, 9.075583131936108, 1.0626790610517505, 10.474488091262144, 0.5867106266938585, 0.42519244416993074, 10.094270081838172, 9.641556177636327, 8.291004081142034, 10.238653254457176, 1.4770648579549515, 1.032081885753281, -1.3292944314331603, 10.07297327948786, 1.5235321483123347, 0.8211649277256223, 10.699005244716538, 1.568656990720703, 9.889109714668963, 11.62686024448885, 9.473118181957984, 8.961185499474716, 10.299651896379345, 0.4431447645775637, 9.299151687396717, 0.3503029804513258, 0.331874977080447, -0.13727726214537128, 8.760265216663353, 1.1022644731304465, 10.186342711581073, 9.630709424001894]}