{"J": [[2, 7], [3, 6, 11], [1, 3, 8], [0, 3, 7], [1, 8, 11], [3, 6], [5, 8, 11], [6, 7, 11], [4, 8, 9], [1, 2, 10], [0, 3, 8], [1, 4, 10], [1, 7, 11], [1, 6, 11], [1, 3, 11], [0, 4, 10], [4, 7, 9], [1, 4, 8], [0, 3, 4], [5, 8], [0, 5, 6], [4, 6, 9], [1, 6, 8], [1, 2], [2, 3, 10], [1, 3, 10], [8], [0, 1, 10], [10], [0, 4], [0, 4, 11], [0, 7, 9], [5, 7, 10], [7, 9], [0, 8, 11], [0, 7, 8], [2, 4, 11], [2, 9], [0, 1, 7], [2, 8, 9], [2, 9, 10], [0, 7, 11], [4, 7, 11], [3, 5, 7], [5, 10, 11], [2, 5], [6, 8, 10], [7, 11], [2, 4, 6], [6, 9, 11], [1, 2, 11], [4], [3, 5, 10], [3, 7, 11], [0, 3], [4, 7], [4, 10, 11], [3, 7, 10], [2, 6, 7], [1, 8, 10], [4, 5, 7], [3, 4, 6], [5, 6, 11], [3, 6, 9], [5, 7, 11], [7, 9, 10], [0, 2, 9], [6, 9, 10], [0, 1, 11], [0, 2, 7], [1, 5, 7], [1, 5, 8], [3, 7], [2, 7, 8], [0, 3, 11], [0, 2, 11], [3, 11], [3, 8, 11], [3, 4, 7], [2, 6, 10], [7, 10], [9, 10, 11], [3, 10, 11], [4, 11], [1, 6, 9], [1, 9, 10], [2, 7, 10], [3, 6, 8], [2, 9, 11], [4, 6, 11], [7, 8, 9], [0, 9, 11], [0, 6, 9], [3, 6, 10], [0, 6, 10], [2, 3, 11], [8, 9], [0, 8, 10], [0, 2, 10], [1, 2, 5], [1, 3, 7], [0, 7], [0, 6], [6, 10], [3, 5, 6], [2, 5, 6], [7, 9, 11], [4, 5], [0, 5, 10], [1, 6, 10], [1, 4, 7], [4, 6, 10], [4, 9], [0, 1, 9], [9], [1, 3], [0, 5, 8], [0, 3, 5], [1, 6, 7], [2, 5, 10], [4, 5, 10], [5, 7], [1, 2, 6], [1, 7], [6], [0, 4, 5], [0, 7, 10], [5, 9, 11], [2, 5, 9], [0, 1, 3], [1, 7, 10], [4, 5, 6], [4, 10], [1, 8], [0, 2, 8], [1, 9], [6, 8, 11], [0, 6, 11], [1, 2, 7], [8, 10, 11], [5, 7, 9], [3, 9], [1, 6], [2, 6, 9], [1], [2, 7, 9], [0, 9], [2, 5, 11], [5, 11], [0, 5, 9], [3, 10], [2, 7, 11], [3, 4], [3, 5, 8], [3], [1, 3, 9], [2, 8, 11], [2, 6, 11], [4, 8, 11], [2, 6], [1, 5, 6], [2, 3, 6], [3, 5, 11], [3, 6, 7], [4, 5, 9], [0, 1, 8], [3, 8, 9], [4, 7, 10], [1, 5, 11], [4, 8, 10], [0, 3, 6], [1, 3, 5], [4, 8], [2, 10, 11], [0, 8, 9], [1, 7, 8], [2, 6, 8], [7, 8]], "c": [0.9921477384867554, -4.41155596364526, 3.0760103008653754, 0.5278077847255433, -2.633007271671003, -0.6918761447203572, -0.4566795940690369, 3.6117974605399112, -4.504463322917832, 0.12864782310663703, 4.5867958884063125, 4.7579187351916925, 0.03521816331630401, -3.3794331308556504, 3.1284069731814927, -3.9595797324211035, 0.702954282435801, 1.9331524733050118, -2.611329207754526, 2.1019086059594, 4.535885786483853, 2.4264062721751376, -2.629517455725101, 3.4818487073082167, -0.05231743342683526, 3.6760483328653297, -0.04467457868142599, 1.1919624477728208, 3.195782362627334, -1.2953886965121186, -3.0585461296279, -1.7804060990203228, 1.4650009978154452, -4.690758279101712, 4.894715972383086, 1.1259994388423147, -3.1460187377965285, -3.6209445544230667, 1.7061637621826806, -1.1099656783319234, 2.597440236795877, -2.538144539746562, 4.7615307031747065, 2.0900172467466103, -1.0340339169371893, 0.49731426738848317, 0.5141204303534996, 0.2069977199146269, 1.4868536990062733, 2.3475215671400473, 1.6523702337215553, -2.473160183384607, 0.05925591811733799, -4.9503032072882664, -3.215720229915636, -2.1343961975469714, -0.9548378265293698, 2.992631384165927, -1.9999240213760574, 4.101060142969068, 0.6757708685021058, 4.742858337644279, -4.4067284013537975, 2.931200765980675, -4.098768466741548, -0.24123653316960691, 2.2113584871222534, 0.07525952516066692, 0.1561067752479115, 0.06272698225003115, -3.242764558823308, 3.8983387987670888, 0.28109665496753955, 0.45949348910478616, 3.0505683984114658, 1.7578324967202574, 2.670046686228864, -0.2927902501210706, 4.293159948036871, 3.77940950331287, 0.5600719021101339, -0.8539251587842909, -1.7403082245759505, 0.13133333576719508, 4.009078215601175, -4.580281278744072, 0.22500375445128196, 2.6970742143768076, 2.998166822176432, -1.6166424022055157, -3.649665725794132, -3.9280966572308653, -0.807046208565616, 3.8267438441841506, 1.8956934756037178, 3.7675721401595013, 1.5156100432665358, -1.469639059876581, 2.405607175138532, -0.42588975380825467, -3.846386865210504, 4.896224251454557, 1.814208498049724, -3.4951770524359715, -0.5824178684999559, -1.5923580835612707, -0.7817149050031222, 3.74274209476914, -3.010818163931469, 4.221147225072986, 1.3216048087109833, 3.6197458453961033, -3.093755047516421, 0.6485217479669645, 1.2198516171330676, 0.09805004981222432, -2.360953599831878, -0.2541901721106141, 1.7076706055385626, 4.002406419086226, -3.413958325224237, -3.0630629613854365, 1.590975828803078, 4.037675410932524, -3.306968705095249, 0.42432157471265164, -1.1789222332979987, -0.8519070029438849, 1.978517449636188, -0.39284108881764457, -4.3596153957586825, 4.325503552447756, 0.1792610752855026, -3.500196041982612, -0.23542507834461368, -2.8440416080599906, 1.5354996255624878, -0.18182874106759694, 1.623895140604878, -0.44253425521450485, -1.8882962890899835, 2.4928411556416723, -4.042411554044387, 2.9606396790808134, 2.6415781775677694, -0.0429135053180163, -4.641124388938989, -3.148505056211788, -4.807794773049677, -1.0858460979142146, 2.7063260286993955, -4.645237730280077, 1.7680548123975628, -0.2407584962810203, -1.1633946416115348, 1.0582532397322506, -4.0947170754660736, -0.2117686513542516, -1.8147773799389109, -1.608665028405568, -3.068645219150957, -1.4842379160234898, -3.772744187519516, 3.3660654025585988, 4.77657542777172, 1.5254169471368524, -4.442983186155001, 1.9769134471007712, -2.0044454015474233, -4.088406234352303, 4.040022338491797, -4.3837501593130925, -0.9296796276549868, -4.883629082162413, 3.0673386164863263, 4.771664497834147, -2.0337063651790066, -4.4528850355129315]}