{"J": [[10], [2, 4, 5], [4, 9, 10], [1, 2, 3], [0, 1, 7], [4, 10], [0, 4, 11], [1, 5, 9], [2, 11], [0, 6, 11], [3, 5, 6], [0, 5, 9], [0, 5, 6], [2, 10, 11], [4, 7], [3, 9, 11], [3, 6], [4, 6, 11], [6, 11], [5, 9, 11], [0, 2, 7], [0, 9, 11], [7, 8, 9], [6, 7, 9], [0, 2, 8], [2, 5, 11], [0, 2, 6], [1, 3, 6], [4, 9], [1, 2, 9], [4, 8], [6, 7, 10], [0, 1, 5], [5, 9, 10], [5], [0, 4], [0, 3, 11], [0, 4, 7], [1, 3], [7], [0, 5, 10], [0, 6, 9], [0, 2, 10], [4], [2, 4], [4, 5, 9], [8, 9, 10], [11], [1, 9, 10], [3, 11], [4, 7, 10], [5, 9], [2, 6, 10], [0, 1, 11], [3, 5, 8], [4, 6], [1, 3, 7], [4, 8, 11], [5, 7, 9], [1, 2, 7], [8, 9], [2, 3, 6], [1, 7, 10], [3, 5, 10], [0, 3, 4], [5, 6, 9], [0, 4, 9], [1, 3, 4], [2, 7, 11], [7, 9, 10], [0, 4, 8], [0, 3, 10], [0, 10], [2, 8, 9], [1, 6, 10], [0, 5, 8], [8], [4, 5, 11], [0, 8, 11], [6, 8, 9], [1, 5, 7], [4, 6, 8], [0, 7, 8], [2, 4, 6], [3, 4, 10], [2, 5, 8], [2, 8, 11], [1, 11], [2, 4, 9], [0, 2], [7, 9, 11], [3, 10], [1, 8, 11], [1, 2, 8], [2, 7, 10], [4, 6, 9], [3, 7], [0, 2, 5], [1, 4, 11], [3, 8], [7, 10, 11], [3, 8, 10], [1, 8], [0, 6, 7], [2, 4, 10], [5, 8, 10], [1, 6, 9], [2, 3, 7], [2, 6, 11], [1, 5, 6], [2, 7, 8], [1, 4, 6], [3, 6, 9], [5, 7, 11], [1, 2, 10], [0, 1], [6, 8, 11], [3, 4, 11], [2, 9, 11], [6, 7, 11], [2, 3, 10], [2, 5, 6], [4, 7, 9], [0, 2, 9], [1, 9], [1, 6, 8], [5, 6, 7], [3, 8, 11], [3, 7, 8], [0, 3, 7], [3, 6, 11], [0, 6], [7, 8], [0, 1, 10], [2, 7], [1, 8, 10], [5, 10], [0, 2, 4], [2, 4, 8], [3, 4, 9], [2, 6], [0, 4, 10], [3, 4], [5, 7, 8], [3, 6, 8], [6, 7, 8], [8, 11], [6, 10], [1, 4], [1, 5, 11], [3, 5], [1, 2, 6], [5, 11], [10, 11], [3, 7, 11], [2, 4, 7], [2, 5, 7], [1, 4, 9], [0, 6, 8], [5, 6, 10], [2, 6, 8], [1, 6, 11], [1, 2], [4, 7, 8], [1, 7, 8], [2, 3, 8], [6, 8], [6, 9, 11], [6, 9, 10], [2, 3, 4], [7, 8, 11], [0, 7, 9], [0, 11], [2, 5, 10], [0, 2, 3], [1, 9, 11], [3, 4, 7], [0, 7]], "c": [-2.659825366619332, -4.0689959323776925, 4.649496727411568, -1.3817245795768187, -0.7844560087183785, -2.600060420741862, 2.0572152399101764, -1.6008827276201751, 0.3419492136087978, -4.920734034823732, -2.7222848038769074, -2.6466742876152938, -4.0200580694886066, 0.5812025301864319, -0.07386339229407568, 2.766811709470308, 0.8722196591186746, -4.62840241046778, -3.628805784167625, 4.698528355159935, -3.979630628489864, 3.441373727877586, 1.6063134220334518, 3.3504469605304514, 3.4751101901262764, -3.7212647570019666, 4.572340172120498, -0.9073109326870004, 4.910587186114665, 2.1611108549967293, -3.9978602259370213, -4.0913510280615215, -1.5250600191298105, 1.3419577488708514, 3.1858312727354523, -4.295864725017204, -3.99317101068314, -2.3664875970848067, 1.6735521541892204, 4.263006041149531, -0.7652633772149073, -2.20572968911954, 3.555078204116711, -1.4782148747706483, 0.2464429375441508, 1.3737727607298478, -2.3103614795577574, 4.277807141750769, 2.3551922073453095, -0.6755220280951777, -1.7914329237159023, -4.325197665366148, -2.8845136984397355, 0.03700929089608529, 3.5979372237665466, -2.783197544872041, 0.09267659725100774, 4.239609039901499, -1.8917437302960485, 3.7903688785060545, -2.7876555815911983, -3.068119205386224, 2.6426759132809616, 1.3083882056033147, -2.566381764220406, 4.45050132545351, -3.655241135436892, 3.9070749456628633, 4.428632790194095, -3.542722172955447, -3.6002916182922684, -1.2844048274322208, 4.891185484372947, 3.741843853013311, 2.2729830130863515, -0.6778431819253541, -0.9008175518234793, -0.151385120493841, -1.2166014962185256, 0.20148786618778391, -2.456110391486325, -4.772330195903908, -1.9236217307550705, 2.5460107040727937, -1.2070889730787258, 1.9363400912256399, 2.1400606692506488, 1.376820321086777, 0.020104766498397098, -1.5676292621110366, 3.372388783071811, 0.8825897810778152, 0.08340957010823224, 1.9638542681354165, -1.7532952809762783, 4.023174101063086, 0.5061291398697954, 2.4592847123880315, -3.4734100752765906, 0.037355309989658636, -3.425808921956418, -3.5994879420807657, 2.0414548401821078, -1.6047110734833172, 3.8995704496598353, -2.668420653035355, -2.1817412740879707, -1.4576356234560262, -4.3949674924277735, -4.397696457342981, 1.0988566896317646, 0.5802229194318222, -0.06458688817080294, -4.550448057824835, 1.4376298451237313, -1.4339722438862235, -1.7335750205366218, 4.9608290374285975, 0.3472388430446882, -2.774911137645464, 3.6270885470027174, -0.3935531942838022, 2.928862548525765, -0.15483736567269268, 2.0014414987542173, 4.1997463741916246, -2.65447305571211, -0.013101360043471288, -2.119418438739956, 2.8654518601269254, -4.2337381745041895, 4.5253925209333214, -4.323895004652961, 0.9452942735895835, 1.9923034467665683, -0.008583304028513261, -3.2434756647750995, -3.5722608009980683, -4.499711219926006, 4.419361496599967, 4.385286277113819, 4.2644366589112845, -3.957602067209182, 3.9877249374984896, -0.2965873220470687, -0.9310299184000037, 1.3366664450747034, 2.3376314737040627, 2.107820498386575, -4.594015413559643, 0.7710750340914663, 4.747012391331664, 1.3563471749004021, 1.6357845686512231, -4.74374047558015, 2.509539257001511, -3.1052642336366985, -1.6475941036860253, 0.18586995294363806, -4.960933656737923, 0.7726119223507464, 1.6901175767257186, -1.7969198139847453, 3.345430840393959, 0.7216247244195815, 0.02086527781482772, 0.5042419239640372, -4.813680165922772, -0.2500356799515169, -3.1610904216913505, 0.5693205849437453, 1.3296484245044464, 4.162323601456732, 2.4149433964312355, 2.0415514696396926, -3.880601129028105, 1.7679123061163482, 4.683216584884576]}