{"J": [[2, 4, 9], [3, 5, 7], [3, 4, 6], [2, 3, 9], [1, 5], [7], [1, 3, 4], [0, 10], [4, 6, 10], [1, 6], [0, 2, 11], [5, 6, 9], [6, 10, 11], [0, 7, 8], [4, 8, 10], [4, 5, 6], [0, 2, 7], [6, 8, 10], [7, 9, 11], [2, 8], [4, 5], [0, 1], [5, 7], [4, 6, 9], [7, 10, 11], [1, 5, 8], [1, 3, 9], [2, 5, 7], [1, 9], [4, 8, 9], [0, 8], [5, 9], [0, 7, 11], [2, 8, 9], [2, 6], [1, 7], [1, 11], [1, 9, 10], [3, 4], [3, 11], [0, 5], [3, 4, 9], [0, 9, 10], [2, 6, 7], [1, 5, 9], [0, 9], [1, 7, 9], [7, 8, 9], [2, 7, 9], [2, 10, 11], [1, 3, 8], [2, 9, 10], [1, 6, 10], [0, 4, 9], [0, 8, 11], [2, 6, 11], [3, 5, 9], [2, 5, 9], [3, 7, 11], [2, 5, 11], [1, 4, 9], [8, 9, 11], [11], [3, 6, 8], [0, 6, 11], [0, 6, 10], [0, 6, 7], [4, 10, 11], [0, 3, 4], [0, 3, 5], [0, 10, 11], [5, 6, 7], [3, 10], [5, 7, 10], [3, 6, 9], [3, 7], [0, 8, 9], [1, 5, 11], [2, 5, 6], [1, 3, 6], [6, 7, 8], [4, 6], [4, 9], [5, 9, 11], [9, 10], [0, 8, 10], [9, 11], [0, 3, 7], [2, 3, 10]], "c": [-4.781770119729661, -0.5533089966034037, 2.389202865049338, 3.972923201624811, 1.04520600244852, 3.3694709704405525, -4.4527882449099865, 4.977022112420309, 4.404586127869356, 3.8824933697987127, -1.758271987542861, -3.7071955676406034, -2.8261276007997505, -4.6964446361398515, -2.0084957259515104, 4.655707368598204, 4.606488138327986, 1.145995661418457, -2.3129007803846235, 4.296849798360784, -0.5381122821004025, 3.6153148799004793, -2.789008208736309, 2.4558226494717257, -4.6613022124481045, 3.452767581051898, -3.9620743396846105, 1.0111483713989342, -4.421564438848305, -4.925776881388836, 4.961213576322381, -2.586898194175772, -2.447561217131388, 0.997055134612741, 2.933949041062803, -2.428062330773887, 3.066481403364495, -0.5061055688206295, 4.593764332717539, 0.9657504085979385, 0.9669199188713771, 3.250678878529582, 0.8785094400289122, -0.003885031381352988, -0.6282069384579172, 2.762898816678079, 4.67368692430391, 3.750610274136319, 4.130725915574352, -1.0634004831919763, -4.258981322664797, 4.746698417130016, 0.5599424490060905, 4.727753656056983, 3.399310908912673, -2.0604291259357863, 2.951285886676919, 4.782925516703928, 2.2362731992162246, 4.055349983914082, 4.341757204989337, -1.884655959904081, -0.3060291658812373, 4.744808062996594, -1.493237410467784, -0.7557840282622807, -4.077168085339924, 2.6605022452037117, -0.38671662318578015, -0.9422011631464855, -4.138230604141438, 4.780071560423693, 2.6527041651319223, -1.264747866975866, 2.8604405531021504, -4.890469158809594, -4.178284697836952, -4.656350810191614, 2.126116748445569, 1.5812422976595482, -1.6444176794134133, 3.0815840261570884, 1.501418146531524, -3.9675336305786892, 3.147007078132525, 4.2102973965547825, 2.324840357289623, -3.9290706237738773, -1.2678485341628862]}