{"J": [[8, 9, 10], [1, 5], [0, 3, 4], [1, 3, 4], [1, 2, 11], [7], [3, 4, 9], [4, 5, 8], [3, 11], [5, 10, 11], [3, 5, 7], [3, 9, 11], [1, 5, 11], [2, 4, 6], [0, 6, 11], [3, 8, 9], [2, 9, 10], [7, 8, 10], [3, 6, 7], [3, 7], [1, 4], [3, 10, 11], [4, 11], [3, 5, 9], [11], [0, 1, 11], [0, 2, 8], [0, 2, 7], [0, 2, 4], [8, 9, 11], [2, 11], [2, 3, 9], [0, 10], [0, 6, 8], [2, 5, 8], [0], [4, 9], [3, 5, 11], [0, 3], [2, 6, 8], [1, 8], [2, 3, 5], [6, 8, 11], [0, 4, 7], [6, 10], [0, 2, 10], [4, 7, 11], [4, 10], [0, 7, 9], [1, 6, 9], [0, 4, 5], [1, 7, 8], [3, 8, 10], [2, 8], [3], [2, 7, 8], [2, 4, 7], [1, 7, 9], [2, 4, 8], [2, 5], [1, 4, 9], [3, 7, 9], [3, 6, 8], [9, 11], [0, 10, 11], [7, 8], [4, 6, 11], [0, 6, 7], [2, 3, 7], [2, 3, 8], [6, 8, 9], [4, 5, 11], [1, 5, 6], [2, 3, 4], [1, 9, 11], [6, 7, 9], [5, 6, 7], [5, 6, 10], [6, 8], [5, 11], [1, 7, 10], [2, 10], [0, 9], [1, 2, 5], [0, 3, 6], [6], [9, 10], [3, 4, 5], [0, 3, 8]], "c": [4.590465953657398, -3.893072311834591, -1.8967707113703467, 4.831987846138654, 1.323547989312357, 0.7813016995366775, 1.1025645868676746, -1.7830409138986858, 4.708056162444986, -3.8589006436856277, 4.065147570835377, -2.591593381007277, 3.0622373551284134, -1.6739279980936148, 4.153414335357796, 0.4748412755472202, 1.1733393623950992, 3.4291097110706694, -0.6416144859502104, 3.0968380242821194, 4.86287808591822, -0.6445394499667954, 1.1416812529661495, -1.1864712498368304, 2.7984563011458627, -1.4803032645219516, 3.3491446910613973, 2.2585146685850654, -0.7199762602129267, 3.454132206245159, 1.6700756461478576, 4.091313135075659, -3.1105532000844196, -2.7261489747707124, -1.633096011889191, 2.907469139552993, -3.457270134388637, 0.8901205796566938, 2.4099030696170773, 4.159806715699464, -2.695034864702607, 3.5799274871579065, -3.5111428330163608, 2.438072540500449, -4.898100907858938, -2.8790321951180875, -4.905761901222902, -3.0352320336057845, -0.7455178862377867, -1.6879606963705829, -0.5031693360579057, 0.4812116140238789, 1.9608177585304167, -1.079538835619236, -3.5071355903476897, 3.5628459441254527, -2.542010024511707, 2.1394534416909945, -0.01736392347408433, 0.7130503046244314, -1.8906421919337002, 0.8680644888434745, 3.6628041934770685, -2.0642848381198386, -2.2012524924110357, -3.195047950744403, -1.3752365381932097, -2.8933000039548706, 3.098660393788247, 4.530360263521711, 3.953560551169483, 1.5152107080030603, 0.8912825604250676, -4.194026171512933, -3.9748896594037006, -4.042091938611241, 1.3896716635309119, -0.42288185384314136, 3.222253974317116, -0.6133407264216721, 3.8809929313466593, -1.9868198670352486, -0.6410802931754045, -0.641032785394108, 4.858093339303846, -3.6216105889683403, 1.1886790095681556, 0.9896411060251253, 0.8697075148936015]}