{"J": [[1, 8, 9], [6, 8, 11], [1, 5, 11], [0, 1], [0, 4, 10], [6, 8], [4, 6], [3, 9], [0, 2, 10], [3, 4, 9], [5, 10], [5, 7, 11], [3, 4, 6], [1, 5, 7], [1, 3], [4, 9], [1, 3, 7], [2, 11], [0, 6, 11], [1, 8, 10], [6, 7, 11], [2, 8], [0, 8], [6, 7, 10], [5, 7], [0, 11], [1, 4, 5], [3, 8], [6, 11], [1, 7], [5, 6, 7], [4, 7, 8], [4, 5, 8], [0, 2, 11], [4, 8, 11], [4, 5], [2, 3, 10], [5], [0, 7, 8], [10, 11], [8, 10, 11], [2, 4], [6, 8, 9], [9, 11], [7, 10], [1, 7, 10], [3, 5, 7], [1, 6, 10], [3, 7, 9], [2, 4, 11], [5, 6, 8], [1, 4, 9], [2, 3, 4], [1, 3, 10], [7, 9, 11], [0, 10], [1, 2, 6], [4], [0, 1, 10], [4, 6, 10], [2, 8, 9], [4, 7], [1, 8, 11], [5, 9, 10], [1, 6, 7], [8, 11], [6, 9, 10], [0, 9, 10], [1, 6], [0, 6, 7], [0, 7], [0, 8, 11], [0, 6, 9], [4, 6, 7], [2, 4, 7], [2, 6, 10], [9, 10], [1, 7, 11], [2, 6], [4, 6, 8], [3, 10, 11], [10], [0, 3, 7], [3, 4, 7], [0, 6, 8], [5, 7, 9], [4, 8, 9], [0, 3, 10], [3, 10]], "c": [0.6977153538888379, -1.5141398137456399, 4.534940242949837, 2.7118483959112627, 4.299512495423874, 0.1979592581074492, -1.9344406852025378, 1.2165877071879674, 3.8255420341338926, 1.6233308476552457, 3.7479504594039916, -0.027627743572575802, 4.155609286554405, 1.9729934727361842, 4.538244264435978, 1.1902334901895708, -0.4155063957297642, 0.5779745786991741, 2.849239568847687, 0.11323735977845395, -1.5933863160324724, -2.3615601050047754, -4.595331459845843, 0.5793766018069402, -3.060933069804155, 2.397173674486819, 1.3105047026239136, 0.5620070095773002, 2.1275962815245215, -4.975325762230383, 2.1087795588446356, 3.2922637753947637, 3.252971452490602, -2.312226195126712, 4.336874371594417, -3.5120423301807557, 4.0530503723451154, 0.5965051623683024, -1.9924721289976355, 3.4822173560532494, 0.9541426431017275, -1.1664627000422287, -4.741889280344847, 1.2985464048652684, 3.9469785351144893, 1.152570404430774, 1.8437163702940804, 4.197834712364681, -4.492973647370549, 3.1335192311439855, -2.7001790420172744, -3.4079467733127435, 1.358314626468614, -4.036641072143254, -0.2636350455785683, -2.2268149205291374, 4.999735007937174, -2.8717027697899935, -2.647937277586591, 4.506873147103246, 1.0611354713413244, -2.9922649626391795, 1.5641930363683754, 3.9861159301457523, 3.098936949331865, -2.3515288802876224, 0.738515539500856, -4.406910235054765, -4.073460059184075, 0.6289500469055973, 3.6757294432701215, -4.246731034236263, -0.7179911555961542, 1.083772447527024, -2.424166519280566, -3.311093292909344, 4.353166156236069, -0.9989217181654162, 1.7564665428976278, 4.259666286664723, 0.8084336775903376, -3.0576763738795467, 3.2512543310454998, -2.11431441922925, -1.6813525323846026, -3.9564181219890173, 3.152433062086061, 0.40738151885737395, -1.59808397464273]}