{"J": [[1, 6, 11], [0, 8], [3, 5, 9], [3, 5, 11], [2, 7, 11], [3, 6, 7], [6, 7], [1], [1, 5, 11], [7, 10], [10, 11], [5, 9, 11], [5, 8, 11], [0, 7, 8], [2, 3, 7], [0, 9, 10], [0, 8, 10], [0, 1, 7], [0, 4], [0, 5, 7], [1, 2, 6], [0, 2, 4], [2, 4, 5], [4, 10], [0, 3, 6], [1, 2, 4], [6, 7, 11], [5, 7], [1, 6, 7], [2, 6], [1, 6], [5, 8, 9], [6, 7, 8], [0, 3, 10], [0, 7, 9], [1, 2, 7], [3, 10], [1, 2, 3], [2, 6, 9], [5, 10, 11], [3, 7, 10], [6, 10, 11], [0], [7, 10, 11], [0, 6], [8, 11], [1, 6, 8], [7, 8], [1, 9], [1, 3, 6], [4, 6, 9], [3, 7, 9], [4, 8, 10], [3, 4, 7], [2, 5, 6], [1, 8], [0, 5, 8], [0, 7], [1, 5], [2, 3, 8], [0, 8, 9], [4, 5, 8], [0, 1, 4], [1, 3, 10], [4, 5, 11], [3, 8, 9], [4, 9], [5, 11], [0, 3, 9], [0, 4, 8], [2, 4, 7], [2, 5, 9], [3, 11], [0, 4, 9], [0, 5, 10], [0, 1, 9], [0, 2, 9], [2, 5, 7], [4, 5, 6], [0, 8, 11], [4, 6], [1, 7, 8], [1, 6, 9], [0, 3, 11], [1, 2, 9], [1, 3, 9], [2, 3, 9], [2, 8, 11], [5, 7, 11], [0, 3, 7], [1, 3], [7, 9], [8, 9], [6, 11], [0, 3, 4], [1, 10], [3, 6, 9], [9, 11], [4, 7, 11], [4, 8, 11], [6, 8], [0, 2, 6], [1, 2], [5, 6, 10], [0, 3, 5], [1, 9, 11], [2, 9, 11], [7], [7, 8, 11], [1, 9, 10], [0, 9, 11], [4, 10, 11], [9, 10, 11], [5, 6, 8], [2, 3, 11], [0, 2, 7], [2, 8], [0, 10], [0, 5, 11], [0, 11], [1, 7, 9], [7, 9, 10], [2, 9, 10], [4, 5, 7], [6, 9, 10], [2, 7, 10], [0, 6, 9], [0, 1, 3], [4, 8, 9], [4, 6, 7], [0, 2, 5], [2, 7, 9], [1, 3, 5], [11], [0, 3], [3, 7, 8], [4, 6, 11], [9], [1, 8, 9], [3, 9, 11], [4, 7, 8], [1, 8, 11], [0, 1], [6, 10], [5, 7, 10], [3, 8, 11], [2, 6, 10], [0, 5], [0, 1, 5], [6, 9], [0, 2], [2, 4, 8], [2, 7, 8], [8, 10, 11], [4, 6, 10], [4, 7], [4, 9, 11], [1, 3, 11], [0, 6, 10], [2, 5, 11], [3, 7, 11], [5, 9, 10], [6, 8, 11], [3], [5, 8, 10], [2, 9], [0, 6, 7], [3, 6, 11], [1, 11], [2, 6, 11], [2, 4, 9], [2, 7], [6, 7, 9], [1, 4, 9], [3, 6, 8], [0, 6, 11], [6, 9, 11], [0, 9]], "c": [-1.8008636892452676, 0.9070681490426171, 0.6643872265198771, 1.8795665685447087, 0.13045128428652752, -1.5978571743542371, 4.542843954104107, 3.0156111917545942, -3.7624161204496276, 3.459087469400936, 2.4929048419687803, -3.0453163377614842, 1.7179972761929019, -0.05098213912532934, 4.592934654319626, 1.9658337197744054, -1.5908080946864955, 4.911406436197016, -4.559172571345837, 2.392776975710591, 2.199373219763725, -1.4270018336245274, 3.9545415174115757, -2.023961690874896, -2.8008756521073663, -4.413350165722106, 3.3398338732046806, 0.7594379257319961, -2.2147054332033953, 2.8229555063098832, -0.17760946452787607, -0.9285650211240721, 1.0079974428641485, -0.5755588953858739, 3.75892243234102, 3.549005338818251, 4.673741040753853, -1.29835502465258, -4.258199053638157, 2.855691941870786, -2.6879161881559535, -2.6596305915705933, -0.7294897605366755, 4.6769099958740075, -2.415180813387358, 0.7836375339440691, 1.3183505484704146, 2.9219382880612743, 3.9938340872573477, 1.1473615531271424, 2.5466351896981383, 3.2523351832227316, -3.038198992382063, 2.0380705905270737, -4.935855337454198, -3.4942238121670286, 4.654179018321532, 0.2367551897117739, 3.3825725541935263, -4.73337526254123, 3.40426321617395, -4.801971119563592, 0.23318420017356178, 1.3018869895878913, -3.2151912430643126, 1.9572362389994744, -4.678535222869851, 4.764902881740348, 1.7091796144576765, 0.6375724858839957, -2.9316917963499654, 2.922933667257049, -4.384244049679928, 2.7173464138122014, 0.26356952191004535, -4.049474095627054, 0.3230459451377756, -3.806856651090398, -1.7703464702532257, 3.3869296906998407, 2.0701444695534406, -0.4654792969638608, 3.337751689057084, 1.5566936478265267, -1.0428690723483958, -4.741085860430143, -1.3675168725149875, 2.964288083417868, -3.812216037439078, 2.1131767794052028, 1.5581934819703473, -4.727917814580588, 0.13241464601740915, -4.384077711522455, 0.10511263176280927, -4.497441915076741, -1.4411942402454239, 1.52847760282281, 2.1353683024119174, 0.4500116906473153, 1.0395416171043994, 2.601171163581234, -3.2122534062419827, 0.7779681930130504, -1.8812738492334722, 3.7541218441454163, 0.3990395533529494, -3.660585100493734, 3.035717330394947, -3.2841385331559203, -4.976946136435938, 2.1190887058243497, -3.86939579699383, -3.6535215865480097, 4.189490963239399, 1.3869484941614205, -3.9718597221732743, -3.62544761520194, -1.4923015663369075, -0.01709985563715044, 1.2566465062063, 4.924965773929303, -3.352147351172107, -0.8018690276192855, 1.8858773199081478, -4.820433300138545, 2.1720217146881833, 2.6271175841819625, 0.021452772056216318, -0.5843828132808371, -0.26311204806651833, 1.8693033036840179, 3.558194158689332, -2.332342935094921, -2.890378330883089, -2.728931595582388, -2.4844703522569644, 3.67355030793156, 1.3910901657083183, 0.48215563305558007, 2.377156785385597, -2.0127420065219326, 2.62075856011508, -1.2109088844349127, -0.9015828092366558, 4.417504527578194, -1.0096913509061736, -2.3035164808129305, -2.462156213066825, -2.1651451428641533, 0.4707287263731281, 4.206038755032635, 1.5583451313815635, 0.975060267989849, 3.7873020662574106, -1.3899413787690005, -4.807817315408029, 4.555500773892177, 3.811687808423253, 0.4803874777111563, 2.696983361829414, -4.060676641776873, -0.6213456968480449, -4.378835878754832, -0.7111475328535786, -4.598570565539427, -4.134157525892904, 2.241562731925284, -3.491073131108603, 4.161980695134343, -4.02645674820638, -3.408685516440456, -2.581558346346029, 0.5866294964041856, 2.396050147307146, -3.0582665593034952, -0.611578256613015, -3.6971172028521915]}