{"J": [[5, 8, 10], [8, 9, 10], [4, 5], [6, 7, 10], [8, 9, 11], [9, 11], [0, 9, 11], [0], [1, 4, 9], [5, 10], [4, 10], [0, 2, 9], [0, 2, 5], [0, 5, 9], [1, 6], [0, 3, 8], [0, 7, 9], [2, 3, 5], [1, 6, 10], [2, 3, 6], [0, 5, 6], [5, 10, 11], [1, 3, 11], [4, 5, 9], [11], [4, 6, 11], [0, 3, 9], [5, 9], [1, 2, 7], [2, 9, 10], [4, 5, 11], [2, 6, 7], [4, 8], [0, 9], [1, 2, 6], [4, 6, 9], [3, 6, 11], [0, 7, 11], [0, 4, 7], [7], [2, 8], [3, 7, 9], [1, 5, 11], [0, 1, 8], [2, 5], [3, 7], [0, 2, 4], [6, 8], [1, 3, 4], [7, 10, 11], [1, 9, 11], [1, 6, 7], [1, 7, 11], [0, 9, 10], [4, 6, 10], [4, 6, 8], [2, 3, 9], [3, 5, 7], [0, 6], [2, 4, 11], [3, 9, 10], [1, 3, 5], [0, 1, 2], [3, 5, 6], [8, 11], [1, 7, 9], [6, 9, 11], [2, 5, 6], [4, 7], [2, 10, 11], [6, 7], [2, 9, 11], [3, 4, 9], [1, 9], [5, 7, 11], [7, 11], [0, 2, 10], [6, 9], [4], [2, 6, 8], [2, 4, 9], [5, 9, 10], [4, 7, 9], [3, 5, 10], [5], [2, 8, 11], [10, 11], [9], [3, 10, 11], [4, 5, 7], [7, 10], [1, 8], [0, 7], [0, 1, 7], [0, 6, 11], [5, 7], [2], [1, 11], [3, 11], [1, 2, 10], [3, 8, 10], [1, 5, 9], [0, 6, 9], [2, 3, 8], [0, 6, 10], [1, 6, 11], [5, 6, 10], [0, 2, 8], [5, 6, 8], [3, 8, 11], [1, 3, 7], [0, 3], [0, 8, 9], [0, 2, 7], [2, 11], [1, 2, 8], [1, 7, 10], [5, 8], [1, 5, 8], [3, 7, 8], [1, 4], [1, 2, 9], [1, 2, 5], [2, 3, 10], [1, 5, 10], [0, 7, 10], [0, 1, 11], [3, 5, 9], [3, 4, 6], [2, 3, 11], [2, 6, 10], [2, 4], [2, 6], [7, 8, 10], [3, 5, 11], [0, 5], [6, 8, 11], [1, 4, 6], [7, 9, 11], [1, 4, 8], [8, 9], [5, 6], [0, 3, 11], [2, 8, 10], [4, 5, 6], [1, 5, 7], [4, 5, 8], [0, 2, 3], [1, 9, 10], [7, 9, 10], [3, 4, 5], [1, 4, 10], [3, 6], [4, 8, 11], [1, 2, 4], [2, 7, 10], [1, 2], [5, 6, 9], [0, 1, 9], [2, 5, 10], [0, 4], [3, 4, 10], [0, 4, 10], [3, 4, 11], [1, 8, 9], [0, 10], [0, 2, 11], [6, 8, 10], [2, 7, 8], [0, 3, 4], [2, 3, 7], [2, 6, 11], [4, 9], [2, 4, 10], [5, 7, 8], [1, 3, 8], [0, 4, 5], [1, 7, 8]], "c": [3.8011673144988816, 1.317867392341264, -2.639601277659028, -3.9086500604513152, -2.4190546100882693, 0.27751155875298306, -3.6838446990632456, 1.0014968822221118, 0.06067478444990915, 0.043163875314343514, 0.5104432593574177, 2.8459556549505436, 4.701743776295448, -1.778820130493747, -0.49402036954474227, -1.5568096754734464, -2.264973484338224, 1.1633625413036892, 3.5868953224495197, 1.611214096038756, 1.2228845274988664, -3.477904337053279, 2.0373567146247105, 3.8996683749511227, -0.37862845713253357, -3.9891261326885683, 0.3365247962763096, 1.7239732060077015, 0.5168168967976685, 4.376801163918088, 4.013506669807191, -1.6903691071040008, 0.4820455372938497, -3.7012229571828525, 3.3217367964009767, -3.504798418049382, 4.872780527751386, 0.8257431458632647, -0.8558353872852873, -1.3246320634585338, -1.812153247087862, 4.321508226589874, 2.4199251386517435, -2.4379442808040483, -3.8381699923974355, -0.4804701969788763, -3.669222387599694, -0.8493888235611005, -3.0496466836582483, 1.7505070424149967, -2.3078305601837537, -4.3201929675163235, -4.704881318083992, 4.184976368568105, -1.5249474014250386, 1.28132743909394, 1.4858708835633285, 2.201449626979274, 4.07320938719036, 3.3954398680034465, -1.734651374472743, -2.8540669633105242, -2.4909928750035837, 3.214553509071754, -3.4268119145418954, -4.991373695119998, 4.7993165900055335, -2.6549926267730473, 1.4356050649379615, -3.0824365896809813, -4.619486795290292, 0.735727487737849, -2.5641480980003184, -4.737875341781993, 3.745163284249431, 4.691903663188443, -1.2208581556265505, -0.7994884327328498, -1.5363700992660476, -2.4391846178990804, 3.289814953616929, -1.9587163308919378, -4.9426970466916975, 4.50804489653008, -3.7852469568572964, -2.883342633811481, 1.2931207157914084, 3.5548401127492344, -1.7233341068025645, -3.037594552772722, -3.0203384203470707, 0.1308157071393543, 0.769939734358152, -2.176784538244979, 0.23279803428095036, 0.8437569493548587, -4.3088600929771035, -4.448462588170069, 4.697209946710819, -1.80494873897306, 1.357880997060117, 3.437500228809805, 0.1703262110516981, -2.1298666223140406, 3.487731197367266, -3.219335264335441, 1.11076249837555, 3.7886347084630447, 4.079540973122848, 4.694468318698759, 2.37553510912016, 0.931585696053796, -1.2782948304284791, 1.0088044756801597, 1.0804803597895996, 4.6028158823152925, -1.0591638735601272, 2.779763111486373, -3.1428718893827687, -0.30812215676095533, -1.6872828870904497, 2.570154096731394, -3.769406109087062, -4.456356687994788, 0.5736997351898099, 3.752344284819003, -3.8938706353911154, -2.211100536993217, 1.6900581413950473, 1.8175287308785553, -4.348736278276288, -2.1873148504448614, -2.517366504815434, 4.940762625008103, -1.0457667575822294, -2.7413360492466587, -0.5780483374945797, -4.529811216941063, -2.1758625788183403, -3.090793234677779, -0.7110349052830927, 1.6506953393181147, -0.7056307155828945, -4.971816912264644, 0.9764169289236566, -2.576256336964992, -4.6422050936404595, -3.4132883233027767, 1.015071846790379, 0.03378026234519016, -2.9141035135457685, 2.74308458683484, 4.076643107089179, 4.5311541362664105, -0.62141971414556, -2.6837536298088405, -0.49307948315448513, -0.9862208460297701, 0.9917329815268836, -1.7874384654825768, 2.858394747339447, -0.1506536823211011, 2.4002457374808808, 3.4216525114516454, 0.8571818271693976, 2.11923334763131, -4.62157942152297, -4.239824591964262, -4.614857400315831, -1.7120945278821287, -2.182807382603258, -2.7876230605823125, 1.8628707313575124, 3.2534593422441844, 2.86815845132399, 0.4633200103795705, -4.000743982255694, -0.9217993969849223]}