{"J": [[6, 8, 9], [7, 8], [4, 6, 10], [3, 4, 6], [6, 9, 11], [2, 3, 7], [1, 3], [2, 4], [5, 7, 11], [5, 8, 11], [6, 7], [1, 9], [7, 10, 11], [1, 4, 11], [1, 9, 11], [0, 7, 8], [2, 8], [1, 11], [3], [3, 4, 10], [2, 6, 8], [4, 6], [3, 7, 11], [0, 8, 11], [8, 10], [0, 7, 10], [2, 6], [3, 9, 11], [1, 6, 9], [3, 5, 6], [3, 7, 10], [2, 4, 11], [5, 11], [2, 10], [0, 9, 11], [3, 4], [3, 8, 9], [1, 6, 10], [3, 7, 9], [0, 2, 10], [0, 2, 8], [5, 8], [1, 4, 9], [0, 3, 8], [1, 4, 7], [0, 7], [4, 6, 9], [1, 4, 5], [7, 9, 11], [1, 3, 8], [2, 4, 6], [7, 9], [1, 7, 8], [2, 11], [3, 6, 11], [2, 6, 11], [2, 9], [0, 3, 7], [5, 9], [10], [1, 7, 11], [0, 5, 11], [4, 9, 10], [1, 4], [2, 5, 9], [3, 5, 8], [1, 2, 9], [1, 9, 10], [1, 2, 5], [1, 5, 9], [5, 7, 9], [0, 4, 5], [0, 1, 4], [1, 10, 11], [6, 11], [2, 3, 4], [3, 6, 8], [7, 11], [1, 7], [4, 7], [0, 8], [2, 3, 8], [0, 6, 8], [6], [1, 2, 8], [2, 8, 9], [0, 3, 4], [1, 6], [3, 7, 8]], "c": [3.559400025209218, 3.4375729263324697, 2.919287145464441, 4.689318894258417, -1.5637962173903874, 1.0146385003829277, -0.5187349553491565, 0.6215032186056293, -4.8970674762901805, 1.0260943436821988, -3.1691737918380083, 3.817704140083663, 0.6316903387672195, 2.779962413803103, 4.7696435167295075, 3.5746249991651293, -0.05369318724922412, 0.7831725641850626, -4.776414651252892, 0.19637667244075274, 3.1004705825540313, -0.1868386762917762, -4.473465352795403, 3.0195045468241695, 4.865836773747773, 1.9451925839050785, 3.8824868042304477, 3.8495522704251393, -0.6825115950134739, 1.1575415411833756, 2.2260808064254354, 3.3477449585118535, 3.70220370280958, 1.808721902875881, 0.29270923353755673, 0.33492012755129785, 2.890595543821238, -4.245793199179636, -3.3383960287189307, -0.5847651616867129, -4.058561583352969, -2.1696018376904256, 4.509591075013027, -1.0873609133426818, 0.9895440774283877, -2.616247511105243, 4.226890659144184, 3.843484407547015, -4.296600366331962, 2.269463118457903, -3.7585223171967463, -0.9651447551027417, 4.801839586573953, -2.938745582027791, -4.8085616537815525, 0.6102067485293139, -1.0613178376292876, 4.192872866296778, -0.46390279086717356, -0.9626680887327677, 3.2763894033857426, 0.729587553645211, 0.012237753832716969, -1.1509043045963918, -3.8608566410393252, -4.841923130957594, 1.9201938510673235, -2.98136424697776, -3.530515543335687, 2.586273488912153, 3.344192085632665, 4.642493398002923, -1.743554726171539, -4.938142746345107, -3.598449747677257, -0.4559898141439316, -2.245430871861085, -4.475292877441902, -0.3703539091628416, 1.0555135822052675, -1.0919753022210124, 4.243516354103791, 4.134732679784815, 0.6582642285043425, 0.764217543003177, -2.423106010317937, -3.284408261026268, -3.041935508312962, 0.2909005377147942]}