{"J": [[5, 6, 11], [1, 4, 8], [1, 8, 9], [8], [0, 3, 9], [4, 5, 7], [0, 3, 11], [1, 3, 6], [3, 5, 9], [3, 4, 9], [5, 6, 7], [3, 4], [8, 11], [4, 5, 11], [3, 4, 5], [8, 10, 11], [1, 2, 8], [4, 8, 9], [1, 9, 10], [3, 8], [0, 1, 2], [0, 2, 11], [6, 9, 11], [0, 5], [4, 7, 9], [0, 4, 11], [0, 1, 7], [0, 1, 4], [5, 9, 10], [0, 9, 11], [2, 7, 8], [10, 11], [1, 6, 8], [1, 5, 8], [1, 6, 11], [1, 8, 11], [4, 6, 10], [0, 2, 10], [3, 5, 10], [0, 7, 8], [2, 6, 7], [3, 6, 10], [2, 10], [5, 7, 8], [2, 4, 5], [2, 5, 6], [11], [9], [0, 4, 6], [8, 9], [3, 5], [6, 7, 9], [4, 7], [3, 4, 7], [4, 9, 11], [2, 9, 11], [1, 6], [1, 4, 6], [2, 5], [1, 5, 11], [4, 8], [0, 9], [2, 8, 9], [2, 6, 9], [3, 9], [7, 8, 9], [1, 9], [1, 5], [0, 1, 10], [4], [2, 3, 11], [4, 7, 11], [1, 3, 4], [5, 8], [3, 4, 10], [4, 5, 6], [1, 4, 7], [1, 4, 10], [5, 8, 10], [0, 5, 11], [3, 11], [0, 6, 11], [4, 6], [2], [5, 10, 11], [2, 4, 6], [0, 2, 5], [0, 3, 6], [2, 5, 9]], "c": [4.973733147995974, -4.713236385778005, 3.549243793210138, 2.437322848747568, 3.340935758946493, 2.5446562056773683, -1.2929737331318436, -0.9308005157402128, 0.41577482224660844, 4.942388866418824, -3.5102533479851514, -2.1270361732822285, 3.3955529826397406, -3.750670935002355, -3.3644523714963404, 1.7321081312162487, -2.7592896952383903, -1.3622371160652555, 2.7799680477529325, 3.5672574674113626, -1.025081934967309, 3.68575769319275, 2.5349936794745194, -3.6844620566607644, 1.6915327843111978, -4.265125231128961, -2.525166955684349, 3.058216126684293, -2.0007468028543505, -3.896684296628401, 0.8939277889721495, 1.0255394317035655, -0.029750664508476632, 1.6567967587626464, -0.7859864159942562, -2.8448440097557137, 4.896934080559982, -4.403122419576224, -2.8283956834996826, -1.8557920719270204, 1.1914036271127024, 3.6843744082548078, 1.2745333337170397, -4.917062180167918, -2.6822759893445456, 0.3440348238513735, -0.06945675211681746, 2.5468961508952406, 0.16349322099802066, 4.991210041455542, 1.3299063982658677, -1.326056416737773, 0.5871262250570499, -4.624721299781399, 1.477159441308535, -1.8076209398829857, -1.0637534363189571, -4.193695100209477, -1.8568235784465967, 3.1914995364407, 2.0939807268333057, -2.3599161382687637, 3.8214894378174176, -3.6914976075868635, 1.6869440492710321, 1.072856315599788, -4.012708175325248, 0.8817889474019847, 1.674332089924774, -1.311886720560429, 4.426274540193846, -4.827366293931531, 1.351304216821239, 1.8109651190451714, -1.254112859182086, -4.391433120934527, 3.789310394418587, 3.935480405980462, 3.4424733146768887, 4.002322730490764, 1.0007468560510286, 3.601418583775315, 4.658344170454123, -2.7564185681430944, 1.589827831683241, 4.226100126421535, -2.2309865701750677, -1.9460877985256007, -4.9302243828231775]}