{"J": [[5, 9, 11], [4, 5, 11], [3], [4, 8, 9], [6, 8, 9], [4, 10, 11], [2, 3, 10], [4, 7], [0, 8, 10], [9, 10], [6], [8], [1, 7, 11], [6, 7, 11], [7, 8, 11], [3, 5, 7], [5, 7, 10], [0, 4, 10], [8, 10], [2, 7, 11], [7], [1, 3, 4], [1, 4, 6], [0, 9, 10], [1, 2, 9], [1, 9], [3, 6, 9], [0, 3, 6], [11], [2, 7, 10], [2, 9], [0, 6, 10], [3, 4, 10], [1, 6, 7], [5, 8, 10], [0, 6, 9], [2, 10], [1, 4, 10], [5, 8], [5, 7, 11], [0, 1, 8], [8, 11], [2, 8], [0, 5, 7], [0, 8, 9], [1, 10, 11], [0, 10], [9], [4], [2, 5, 8], [1, 8, 11], [0, 4, 11], [1, 4, 9], [7, 8, 10], [1, 3, 9], [0, 3, 8], [7, 10], [1, 4, 11], [3, 4, 5], [1, 5, 9], [0, 1, 2], [1], [0, 6, 7], [3, 7, 10], [4, 6, 8], [1, 9, 11], [0, 2, 8], [1, 11], [0, 2, 3], [1, 3, 6], [5, 10], [0, 4, 9], [6, 8, 11], [1, 2, 10], [1, 2, 4], [4, 11], [3, 5], [4, 5, 7], [4, 5], [2, 6, 8], [0, 5, 11], [1, 7], [5, 8, 9], [1, 4, 8], [5, 6, 7], [9, 10, 11], [6, 11], [0, 1, 3], [1, 2, 11], [6, 7], [0, 5, 6], [0, 7, 11], [0, 4], [2, 3, 8], [4, 6, 11], [3, 6, 7], [1, 3, 8], [2, 8, 9], [3, 8, 10], [3, 9, 10], [0, 7, 9], [0, 3, 9], [1, 4], [1, 2, 3], [4, 8, 11], [0, 4, 8], [3, 4], [0, 7, 8], [6, 10], [3, 5, 8], [2, 6], [5, 7, 8], [4, 7, 10], [3, 10, 11], [1, 10], [2, 5, 10], [6, 8, 10], [0, 6, 11], [6, 9, 10], [2, 4, 5], [6, 8], [5, 8, 11], [3, 9, 11], [5, 11], [1, 8], [3, 10], [5, 7, 9], [0, 4, 5], [2, 3, 9], [2, 5], [2, 8, 11], [2, 3, 7], [10, 11], [5, 7], [0, 1, 6], [4, 5, 10], [3, 6, 10], [0, 3, 4], [2, 6, 10], [0, 4, 6], [4, 5, 8], [8, 9], [0, 10, 11], [3, 4, 7], [2, 3, 11], [6, 7, 8], [0, 5, 10], [2, 5, 9], [0, 8], [4, 7, 11], [4, 6], [0, 1, 7], [1, 3, 10], [0, 6, 8], [4, 7, 9], [2, 4], [1, 4, 5], [4, 5, 6], [8, 10, 11], [2, 4, 11], [5, 6, 9], [2, 6, 9], [3, 8, 9], [0, 3, 10], [1, 2, 7], [1, 3], [2, 7, 9], [5], [0, 5, 9], [0, 1], [4, 7, 8], [0, 2, 4], [2, 4, 8], [2, 7, 8], [3, 4, 11], [4, 10], [0, 2, 7], [2, 5, 11]], "c": [0.41951687243125946, 2.339092524763262, -3.070022654178133, -3.1928411549794777, 0.7707043312741888, -4.777195010378127, -1.9716275978707634, -1.0541004724307488, -1.6285822257439908, 4.044687774890663, 0.6742796694750632, -2.8008507072109188, 1.1336491930239898, 2.208270980851683, -3.317244834592384, 0.9845188614107991, -1.9379946479749908, -1.9700685406942817, 1.2569080391813579, -3.2470605032429676, -4.5808838989507, -2.9168328680279396, 1.4778600076690562, -2.59921259303126, -3.003368888727873, 1.6235907171208899, -0.2713378657803922, -3.934517642435016, -2.4762487245756404, -4.244729865389392, -3.6266704751812084, -3.7259399451073936, 4.079276051657892, 4.562956933171963, 3.5291207018994513, 3.562998122302888, 4.874986415756563, -1.9200403748269625, -1.3937538380550407, -3.0396320534306396, 2.6804167123815823, 2.8133848443606375, 4.64846649497289, -1.761700042593175, 2.9609401191036975, -4.6725437489548245, 1.018986820359311, -2.331577839187049, -1.2194747640100023, -4.315136182082615, -0.19578535941028719, 4.938599085355786, 1.2054810842572605, 1.2485929267065874, 3.981657845055695, -1.135486505476384, 3.211383811435585, -3.3363458063392937, 1.9889835342683169, 4.7812538962493445, 3.0309287419362203, -1.356039433347238, -1.1464234178721568, -4.759191759785839, 4.945119136712465, -2.4938074414391465, 2.4314978572881962, 3.3307152744645823, -3.5027160367911314, -0.8959981160168873, -3.8470602119538313, -1.1553902348798637, 2.052528502660776, 4.877535506119994, -1.8875430970852758, -2.7441185870043325, -1.6474061521169614, -3.7285114017781327, 4.9922473385787285, 3.458353405100363, -3.262710915520466, -2.614955345379678, 4.275579074017607, 1.3281434585582206, 1.9048978261868097, -3.9193663775633567, 1.6208073311350324, -2.8923697715901575, 4.282931311670021, -0.8955956623868246, 0.5172342879606573, -3.3810513161843634, -4.285278854720182, 2.213228040106028, -4.020210234575251, -3.6771099216214695, -0.06326301650016486, 2.2222850394442473, -0.31953478863404605, -4.166075302997955, 1.1093838957919813, -1.940139176916781, -0.8588853718832663, 0.061114631858226964, -2.1588325262298405, -2.1891107810736665, 0.5844402667835888, -4.735958234448838, 0.5270009350187159, -1.5425287838697233, 4.152976258054167, 4.164620202797586, 1.2199353634457397, 1.0509232015188452, 4.485521702608818, 2.386745490907635, -4.983413204521872, -1.365355316980895, -3.8049748853879906, -4.146410537475869, 2.8545753357321724, -1.574612147320038, -4.360508062213607, 2.839494184822512, 1.9657961453032495, 4.8121351063881175, -0.0962502344443017, -3.157722643299387, 0.6788105942197618, 3.534546208904702, -0.8264883362904012, 2.4910021030343232, -4.571681398066614, -1.8989729023284618, 4.145710076922315, -4.301411680502433, 0.6900997080154596, 3.4206918395007495, -1.898720712353621, 1.4873628815198252, 4.259437561576981, -4.956038415818632, -3.807674449149796, -3.0965321299389705, 2.6699636236041826, 4.762375928637269, -3.517290315148535, 3.1636460818868546, 0.024180977349287147, -2.9323020905741606, 2.1829265118863557, 0.18465743271769863, -0.47728591170506185, -4.470939184393349, -4.642443633830889, 4.449206609613277, -4.858927256921649, -0.4316493350610937, -2.3186165927591382, -3.731573212642653, -1.4310063623706748, 1.7952475062558984, -1.7789577051327186, -2.0949517644324303, -4.193311546808095, 4.435797747433414, -3.727522779816362, 3.1072942502683727, -0.8413148900963696, 3.0325567668284386, -2.459808493995639, -3.867033864993652, 4.278678813905753, 3.3987251070599243, 3.6685032113650866, -1.2014512206115513, 4.433032767995314, 2.8477607349578795]}