{"J": [[3, 9, 10], [0, 1, 5], [3, 10, 11], [2, 3], [0, 6, 7], [1, 3, 4], [2, 9, 11], [0, 3, 7], [9, 10], [6, 7, 10], [5, 10], [0, 2], [8, 9], [4, 7], [1, 3, 10], [1, 5, 6], [2, 4, 8], [8, 9, 11], [1, 9], [1, 9, 11], [3, 5, 6], [6, 8, 11], [0, 5, 6], [0, 1, 8], [0, 9, 10], [5, 6, 10], [1, 2, 11], [0, 4, 11], [7, 8, 10], [4, 5, 11], [3, 4, 5], [4, 6], [2, 3, 9], [3, 8], [0, 7, 11], [5, 6, 7], [0, 11], [1, 3, 9], [1, 2, 6], [4, 6, 11], [0, 1, 10], [4, 7, 8], [3, 8, 11], [1, 5, 8], [0, 2, 4], [0, 8, 9], [4, 6, 7], [1, 4, 10], [3, 5, 11], [5, 8, 11], [0, 7], [11], [4, 6, 8], [1, 6, 8], [6, 10, 11], [4, 11], [1, 6], [0, 3, 5], [7, 10], [3, 7, 8], [2, 4, 10], [3, 8, 9], [6, 9], [1, 2, 5], [7, 9, 10], [2, 5, 8], [6, 7, 8], [0, 4, 8], [0, 8, 11], [2, 8, 9], [5, 8, 9], [0, 2, 9], [1, 6, 7], [1, 3, 8], [5, 6, 9], [1, 4, 11], [1, 3, 6], [5, 7, 9], [6, 8, 10], [7, 10, 11], [5, 6, 8], [0, 8], [1, 4, 8], [0, 6, 10], [2, 11], [2, 3, 7], [1, 2, 3], [2, 6, 10], [4, 6, 9]], "c": [1.364862878548828, 3.281839269116265, -2.3689148833270535, 0.872498602175293, -4.280546441048426, -1.0847189102430335, 3.9860617788225188, 0.2614790829190916, -1.0089626397379048, 3.8644757397580456, -4.7151431978677305, -1.6337222550551376, -3.489341813670875, -4.586224954482525, 3.804857106467095, -2.9107415425841907, 4.444219928292455, 4.184051613827469, -1.6206004604684763, -0.5628371771210414, -2.887677194325101, 3.360814470126906, -0.4462627514234203, 2.505773139365165, -0.802754810680554, 2.5190652195876764, -2.6067807258635223, -4.63919066777252, 4.080194816168202, -3.4902572378858565, -0.11207469262063707, 4.517347549519844, -0.9933355635290138, 3.400469595856171, -3.2053400238537666, 0.2768111808138869, 2.029306075538492, 4.191924026035771, 3.3734790394816336, -2.706963457765231, -0.11099709240770839, -1.528417414767639, -2.6131096566688363, -2.5657123918553824, -0.3868425481381017, 3.651532289630019, -1.4471728984177101, -4.239958834709867, 1.6473241488683534, -0.7964958453912709, -2.976126664766211, 2.6680904213558403, -0.5818924194448636, 1.572261347105874, -1.5175385275826434, 0.16708982376960968, -4.503408864137696, 3.7742787793363366, -0.9910665587090239, 1.3855326469419502, 3.9639759696951202, -1.957248063137369, 3.796534568871772, 3.1469911580310175, -1.8296945910938756, 3.713096225654869, 4.929679214354152, -3.1478330692032808, 4.109074873375029, 4.471517413381143, 0.9094825680274923, 1.1756853518607793, -0.14049712390459135, 4.654532881334738, -0.2414250984207298, -3.0395755146058434, -3.7482222300924253, 0.16972133568740944, -4.193478151638443, -1.3456224635564973, 3.238154527817782, 0.08242000659949156, -2.399465007930237, -3.3595909372686794, 2.654908605536292, 4.326090336427958, -2.828682239066386, -1.870259511015825, -4.19695919453393]}