{"J": [[3, 4, 11], [5, 7, 11], [5, 6, 11], [2, 4, 7], [2, 7, 11], [0, 1, 11], [4, 5, 10], [2, 10], [3, 7, 10], [5], [7, 11], [5, 9], [1, 5, 7], [0, 1, 9], [1, 2, 8], [6, 7, 10], [4, 6, 11], [1, 5, 6], [6, 7, 8], [2, 4, 10], [0, 5, 7], [0, 4, 7], [0, 8, 10], [7, 8, 10], [6, 8, 9], [0, 5], [1, 7, 10], [6, 7, 9], [6, 10, 11], [4, 10], [4, 6], [8, 11], [2, 4], [0, 1], [5, 7, 10], [0, 1, 6], [3, 5, 9], [4, 5, 9], [0, 4], [0, 11], [0, 1, 10], [0, 2, 6], [1, 7, 8], [3, 8, 10], [1, 6], [2, 4, 9], [4, 6, 7], [3, 11], [0, 8, 9], [3, 6, 7], [1, 7, 9], [0, 4, 9], [2, 3, 10], [3, 5, 11], [1, 9], [0, 7, 8], [4, 10, 11], [0, 7, 10], [5, 6, 7], [2, 10, 11], [11], [1, 6, 9], [0, 9], [0, 6, 7], [0, 3, 8], [5, 10, 11], [0, 2, 11], [3, 8, 11], [2, 3, 6], [0, 6, 11], [3, 9, 11], [0, 2, 9], [3, 4, 9], [2, 6], [1, 4, 7], [1, 6, 10], [7, 8], [6, 9, 11], [1, 3], [1, 6, 7], [5, 6, 8], [5, 6], [5, 7, 9], [9, 11], [3, 10, 11], [1, 5], [6, 7], [1, 3, 10], [0, 5, 9], [1, 4, 5], [1, 3, 7], [4, 11], [3, 4, 5], [4, 7, 11], [3, 6], [0, 4, 6], [2, 11], [2, 6, 8], [2, 9], [3, 7], [1, 2, 6], [1, 5, 9], [4, 7, 10], [0, 6, 10], [0, 1, 3], [0, 5, 11], [2, 7, 10], [0, 2, 10], [3, 5, 7], [3, 5], [2, 7, 8], [1, 8, 9], [3, 4], [2, 6, 9], [3, 6, 8], [2, 3, 7], [1, 3, 6], [0, 9, 10], [4, 5, 11], [0, 7], [1, 2, 4], [4, 9, 10], [8], [0], [4, 9], [6, 11], [4], [1, 3, 8], [4, 8, 11], [10], [6, 8, 10], [7, 9, 10], [1, 8], [0, 2, 7], [5, 9, 11], [2, 9, 11], [2, 6, 11], [3, 4, 8], [2, 4, 8], [5, 8, 11], [0, 5, 6], [1, 3, 11], [8, 9, 11], [4, 6, 8], [0, 9, 11], [6, 7, 11], [2, 8, 11], [1, 4, 6], [0, 4, 5], [0, 7, 9], [2, 5, 7], [0, 4, 11], [2, 5, 9], [8, 9, 10], [7, 8, 11], [0, 3, 11], [0, 1, 7], [0, 8], [1, 4, 11], [0, 6], [1, 6, 8], [3, 8], [5, 8], [0, 2, 5], [2, 4, 6], [5, 6, 9], [6, 9, 10], [8, 10, 11], [5, 7, 8], [2, 8], [8, 10], [6, 8, 11], [3, 9, 10], [2, 7], [4, 5, 6], [0, 3, 5], [5, 8, 10], [3, 6, 11]], "c": [-3.965087852647585, 3.284465611271605, -1.5300157139778339, 4.506653081641467, 0.19840912692186574, 3.2510293559499477, 1.3193797731904926, -3.470877086878217, 1.125276278837343, 0.7378484370428131, 1.3373850009953268, -2.4568273932735787, 2.131844502471046, 1.1150564383568948, -1.0459061748993825, 2.0424761453009435, -1.1063461434977917, 1.0047122094371606, 1.8360720910865735, 3.3735557414065394, -2.1912861988721586, -0.4058860840013798, -0.34799167093626515, 3.9050395431488454, 1.212044116125024, 1.2996658142964588, -2.629569194783982, 0.5735414808326444, -1.6072579730734082, -4.7750019059865325, 0.19953109901569022, 1.1634461578402053, 4.265376512169027, 2.167357776845109, 1.5135153960804146, 3.8746734304550934, 4.924132216174975, 1.9501602660520145, -1.5176185709721493, 4.551877536984476, -3.7823695517492215, 1.9649030769953724, -2.328082167725637, 1.5772962080579456, -4.458969762072237, -1.136268444778458, 1.2759222855072778, 2.3219554643727136, 4.099735899091657, 2.759031164416589, -3.700736586649367, 3.6405392316918572, -1.5829764493104204, -2.994447601440009, -1.5936258400343304, -1.7419197571839895, -4.009934286402323, 0.8876338436394811, -0.8920298673835774, -1.820907021272662, -4.940680069476798, -0.34925149385483056, 2.8316381923476728, 1.4638266327059828, -4.308358419863935, 1.3050955522535581, -2.275344461191705, -3.424260925527298, -4.277339453906171, -2.9005436351163483, 4.050611443706444, -0.5758137465407458, -0.7719081484681665, -1.407823220503952, 1.1721995948619623, 2.5536255684767815, 3.0842808555779015, -4.1745720204235495, 1.3318961713248587, -1.4544426497988883, -3.9008653458247577, -4.274036308070903, -3.420170339810389, -0.5850134147379009, -4.5148462956580815, -0.028887342431721308, -3.950641642681898, -4.398920815949974, -4.545689861155369, 2.1094431800035105, 4.6107641093407565, 1.2347763817984756, 4.8377044260426025, 0.25135642814996473, 0.691280322003708, -2.6727846073084747, 2.8627169508201753, 4.982447760559868, -4.96187731615249, -1.7010780206815657, -1.4574580003767856, -2.1925332181765866, 4.854156397725962, 3.0697610261478587, -0.8655205225162996, 0.21421556750789605, 4.548388163063123, -3.691626494614817, -2.3240748928629698, -4.80142297764393, -1.19344849986558, -0.8612196531034177, 1.1660549678097407, -0.23319103579763745, -4.1130962453019695, 1.8090596899550118, 0.4667525928921359, 1.934005070623411, -4.266228762430694, 2.2729412538136273, 4.414369134830574, -4.434532147232466, 2.9582753885241324, 0.7532742243334223, 3.315763661606333, -0.9472228646227157, -1.6084656954480234, 0.9131118574284152, 1.2909385420509665, -1.758434487666186, 0.25439669891804595, -0.6754664472586054, 3.4099578951881604, -4.097782223320467, -4.364822069733302, -0.13395211836108878, 2.062504007415953, 1.0909008627204129, -2.826547692356817, 2.643656334370492, 0.6087021029967552, -4.5209168992985385, 2.8591684861103603, 2.299994607990074, -0.978015636191758, -3.240637794499066, -4.106642841089283, -4.409727388635789, -3.404540390333972, -0.8785920633002187, -4.651332049709281, -4.908539434935024, -3.4145576291973665, 4.617374265438407, 0.8795897553520948, -3.6067862682654073, -1.7967744129768395, 1.6997058361756592, 3.6874815672742027, 4.758867514305347, -2.1252478414946396, 3.854051864652538, 1.5775796312182084, -4.554490540432883, 4.652531719890266, 3.5371279759470085, -0.5385614094542728, 2.1931623088933723, -1.5725767926588698, -3.89720225959124, -3.00007321212083, 3.8555788932594766, -3.3290737853306895, 1.2073377126145077, -4.15543810235246, 2.832356396465906, -2.536095821378707, -4.221135001069304]}