{"J": [[3, 7, 10], [2, 5, 6], [4, 6], [0, 1, 7], [0, 6, 8], [3, 4, 10], [3, 4, 6], [8, 9, 11], [7, 8], [1, 5], [0, 1, 11], [2, 3, 11], [8, 10, 11], [1, 7, 11], [1, 3, 9], [0, 4, 9], [3, 6], [4, 5, 10], [0, 2], [1, 4, 8], [0, 6, 7], [2, 9], [0, 8, 9], [3, 6, 10], [1, 3], [3, 7, 9], [2, 8, 10], [0, 8], [1, 4, 6], [3, 8, 9], [3, 9], [1, 5, 10], [0, 7, 8], [0, 3, 4], [4, 8, 9], [0, 2, 9], [2, 7], [4, 9, 11], [3, 8, 10], [0, 11], [1, 2, 10], [0, 1, 6], [3, 5, 9], [7, 10], [3, 10], [2, 3, 4], [1], [1, 8, 11], [4, 7, 11], [0, 4, 10], [4, 8, 10], [0, 5], [4, 5, 9], [4, 6, 7], [1, 4, 9], [0, 1, 5], [3, 4, 7], [8, 9], [2, 9, 10], [4, 9, 10], [0, 10, 11], [3, 9, 11], [6, 9, 11], [1, 2, 11], [1, 5, 6], [0, 3, 9], [1, 2, 4], [0, 1, 2], [2, 7, 9], [3, 4, 9], [1, 9], [6, 8, 9], [5, 8], [3, 7, 8], [1, 4], [2, 8], [3, 5, 6], [1, 6, 9], [0, 6, 11], [0, 9, 11], [0, 6, 9], [6, 10], [1, 2, 7], [4, 5], [2, 3, 10], [2, 4, 9], [8, 11], [2, 5, 8], [7, 8, 9]], "c": [-3.729763581789393, 1.3551365970279754, 0.555460796466968, 0.5335627592211525, -4.910351796684137, 3.338996659645421, 2.7487974787962353, 1.592685194726191, 1.580314247333555, -3.178073559605555, -2.0824386333325497, 3.586218915606219, -0.7492329280706214, -3.297807016638661, 2.240242205149489, 2.3305290920512505, 4.362497610092969, -4.681593860220099, -3.788516124186585, 1.289160407762676, -1.8414902297420777, 4.542220060391296, -3.028611557279568, 1.5189391879073346, 4.117027399115866, 3.8014972320570077, -4.95720221011841, 0.6935977213797786, 1.283577269238502, -0.8749473839530051, -3.7339290293876806, -4.891923118471114, 0.7395953862682134, -1.9283116968589074, -1.0545128334629918, -3.7737748294296103, 3.833914145340014, -0.15924720385109392, 2.7249298731700877, -2.7878409005153637, -0.1298043962529789, 3.6282134045166696, -4.69366881027025, -1.162498436626084, -3.2023676076946437, -3.4073853095558384, -3.32565250861928, 3.7768350345833337, 1.719908146232604, 4.595171577670186, 4.060740089285563, -4.240324393617034, -0.00875909006569664, 1.3447950893449248, -0.629591656153254, -4.839733417142859, -4.630612570846767, 4.898506604037266, 3.1527389828579615, 4.265050086734156, 3.7823391343130606, -1.7634252941930062, -0.9197717966155672, -4.4775520007836835, 2.498083997020709, 2.7986386948609088, 3.2342076212774966, -4.0092507562566695, 3.443138337785067, -0.9995394210083255, 0.3135721912763234, -0.09372581142037717, -2.9679311778310122, 0.8213068294005215, -3.547477607080106, 2.1670564477632492, 1.983366878826434, 3.2034517617707863, 0.6028193713317398, 2.9253550080428914, -0.9167621132029291, 0.5160125151072092, 0.3954786069222678, -0.8744079574837125, 3.3723296418355524, -4.399857990070846, 0.32449474951070556, -2.1543140775509153, 4.691662222454733]}