{"J": [[4, 5], [0, 8, 10], [4, 6, 9], [2, 7, 8], [5, 8, 9], [4, 6, 10], [3, 7, 8], [0, 3, 11], [1, 2], [8, 11], [6, 7, 8], [1, 3, 8], [1, 2, 11], [2, 8, 10], [7, 8, 11], [6, 8, 9], [5, 9, 11], [4], [2, 9, 10], [1, 9], [0, 10, 11], [6, 10, 11], [7, 10, 11], [1, 3, 7], [2, 7, 10], [7, 8], [7, 9, 11], [3, 4, 6], [2, 3, 7], [1, 3], [2, 4], [6, 7], [6, 7, 11], [5, 6, 9], [1, 4, 11], [1, 9, 11], [0, 7, 8], [2, 8], [1, 11], [3], [3, 4, 10], [2, 6, 8], [4, 6], [1, 7, 9], [0, 5, 11], [6, 8], [2, 4, 8], [2, 6], [4, 10, 11], [5, 11], [0, 7], [2, 6, 7], [0, 6, 9], [1, 2, 7], [1, 6, 8], [0, 1, 6], [2, 4, 11], [6, 8, 11], [4, 5, 8], [3, 7, 11], [4, 7, 11], [0, 4, 10], [4, 7, 8], [1, 9, 10], [0, 2, 11], [2, 5, 11], [1, 10], [0, 9], [6, 9], [0, 10], [3, 5, 7], [0, 6, 7], [0, 1, 7], [0, 5, 10], [0, 9, 10], [3, 9], [3, 8], [1, 8], [10, 11], [0, 3, 8], [1, 4, 7], [4, 5, 11], [1, 4, 5], [5, 7, 9], [6, 9, 11], [2, 4, 6], [7, 9], [1, 7, 8], [2, 11], [2, 6, 11], [2, 9], [0, 3, 7], [5, 9], [10], [1, 7, 11], [3, 8, 11], [1, 6, 10], [1, 4], [2, 5, 9], [1, 2, 9], [3, 7, 10], [1, 2, 5], [1, 5, 9], [1, 6, 9], [0, 4, 5], [0, 1, 4], [1, 10, 11], [6, 11], [2, 3, 4], [2, 5, 8], [7, 11], [1, 7], [4, 7], [0, 8], [2, 3, 8], [0, 6, 8], [6], [1, 2, 8], [0, 3, 4], [1, 6], [2, 4, 9], [0, 5, 7], [0, 1, 11], [3, 5, 11], [1, 4, 8], [0, 4, 9], [0, 5, 8], [8, 10], [1, 3, 5], [2], [1, 4, 9], [4, 9, 10], [3, 5, 6], [0, 3, 9], [1, 3, 11], [1, 3, 6], [2, 3, 11], [1, 5, 7], [1, 6, 7], [0, 7, 11], [5, 10], [1, 3, 10], [4, 11], [5], [1, 2, 3], [3, 6, 10], [4, 9, 11], [0, 2], [0, 3, 10], [3, 8, 9], [0, 5, 6], [2, 10, 11], [5, 6], [1, 3, 9], [4, 5, 10], [1, 2, 6], [2, 3, 10], [3, 5, 10], [3, 4], [4, 6, 8], [5, 7, 8], [1, 3, 4], [8, 9], [0, 6], [5, 8, 10], [1, 5, 6], [0, 1, 5], [6, 9, 10], [0, 6, 11], [3, 4, 7], [8, 10, 11], [0, 2, 8], [3, 7], [0, 4], [9, 10, 11], [4, 7, 10], [3, 10], [1, 5]], "c": [-0.18980771160544307, 4.881517556385745, -1.6021280442276442, -3.8524757385784927, 4.907201338828335, -3.6030511257251217, 1.312185662063877, -3.234290065395925, -1.172661520449536, -1.4847494375028045, 4.091652342223698, -1.4940097171211484, 3.2122253397121554, 1.0098266006904524, -0.5697858224102523, 0.10479865659977072, -3.3315774921760557, -1.2708020981960502, 1.1349522565040377, 1.0095939044792743, -4.954120506334676, -4.455414604067727, -1.8455406073140423, 4.997746128772997, 2.8551655607644166, 4.756245136674593, -0.12326774069648572, 0.9037824663781846, -1.2213455950116172, 1.1680694346000564, 4.1735257637815, -2.6803712354831855, 1.5919820347099876, 0.3806234297012123, 2.35170919664875, 4.246058051835407, 0.9574036968185409, 1.7236831564051354, -3.405632639509406, 3.665492451043944, -4.347083327778883, -2.218677700261379, 1.7606672954036782, 1.5139077004943333, 1.7260964324304755, 0.48195906871175964, 2.08372563321097, -3.5858900024038465, -2.104558772821119, -1.3008357977430718, -4.411016032743308, 2.2151207850042622, 2.7783090133592694, 3.2599047148057085, -3.9727528229576925, 2.338699189132713, -2.44636904293455, -2.233569233259003, 2.7717443665467867, 1.5843264374043233, 3.2900670609532767, -0.8167231374945416, -3.9936424524393055, 0.9390411594092996, -2.5387250448158563, 1.2146576526427824, -2.121082727418303, -2.3433962841242026, 3.7915986901953076, -0.047453646699717744, 2.3215896338643836, -0.35112823385591074, -1.4903021978717956, 4.726360411019741, 3.8474024829814972, -1.7119048480591714, -4.546031364381356, 1.4352844090548054, -2.7987813869476366, -1.1391038243271732, 4.080443959620364, 4.241875056553564, 0.30689104914972365, 3.317794409800177, 1.89881573797794, 0.06576134370817588, -2.9879921702667245, 4.852867228602786, 1.399448631240232, 2.158521459269429, 0.6272857111965013, 3.898892594803158, -0.35468703631682885, 4.0650826748684175, 1.0149301195969906, -3.3637341894045525, 2.0781276292209947, 0.20850671752893035, 1.0566812482838541, -0.4096362867814367, -4.638034234709404, 1.5344578465260463, -4.932856256369847, -2.9160055971497223, -2.6514557824577265, 0.6211969648411797, 3.4289241879510683, 1.857496044520107, -1.2985557296510288, -2.212461208058315, -4.256537098358138, 4.553695845706574, 1.5124522060517744, 1.1946677572224917, -1.6408652853651349, -3.4922637106176344, -3.557343755815927, 3.200167376079877, -2.147119774577597, 2.7802705642641667, -2.5900427657832417, 2.4129198305738946, 2.649019913354852, -1.830614004142097, -4.5431209177284, -1.4195927205621506, 3.8127695700540745, 3.0234738551806117, -1.6045951479082907, 4.390159767250326, -0.31707894797128233, 2.5215361893212016, -1.711106510500163, -0.46911831738940535, 2.7738372015156294, -4.124627119362922, 3.7231342373302496, -2.865152937970784, -0.08027326398340673, -2.5575686732561698, 2.154253888032512, 3.867048862831947, -2.936275119981487, -2.9048266362284703, 2.6327792074741954, -3.448799842893772, 3.39171414559576, -0.4593557551242107, 2.2701444627633194, -4.18513836213879, -0.547056388720069, -3.4783125924150546, 0.8307699373547841, 1.6753922787836917, 1.5182773805900744, -0.9996221305856201, -2.398863553934296, 3.1932963161582695, -1.057625197142542, 3.499075867554186, -3.1666981518526782, -0.892571150161392, -1.7329878868884938, 4.049491053172172, 4.252772032690638, -1.0805606704043837, 2.32826902798619, -1.313715730074664, 2.936453863303978, -1.063744454266986, 1.7696344469450622, 0.2389913771639227, 3.2340422627223635, -3.1922067555753553, -4.654827108593452, 3.2379015175232375, -2.9309105067959296, -4.93055124838369]}