{"J": [[2, 3, 6], [4, 9], [4, 7, 10], [3, 5, 8], [0, 3, 9], [0, 2, 10], [0, 7], [2, 6, 9], [1, 6, 7], [2, 7], [1, 6, 11], [6, 8, 11], [1, 7, 9], [3, 4, 9], [1, 4, 5], [2, 7, 9], [4, 10], [1, 5, 8], [3, 9, 11], [2, 3], [2, 3, 5], [3, 4, 8], [4, 6, 8], [3, 9], [1, 3, 11], [3, 8, 9], [1, 9, 11], [2, 7, 11], [1, 7], [3, 6], [0, 8], [3, 6, 11], [2, 4, 10], [4, 5, 9], [0, 4, 8], [5], [6, 7, 8], [3, 4], [5, 8, 11], [0, 6], [2, 3, 4], [1, 7, 11], [0, 7, 8], [1, 5], [8], [2, 8, 9], [0], [3, 7, 11], [5, 6, 11], [2, 4, 6], [7, 9, 10], [1, 6], [2, 5, 10], [7, 9, 11], [7], [1, 3, 9], [0, 2], [3, 10], [1, 4, 6], [7, 11], [6, 9, 11], [7, 10], [3], [2, 4, 8], [0, 4, 9], [0, 6, 11], [3, 6, 8], [5, 6, 10], [1, 3], [1, 7, 8], [3, 5, 10], [1, 2, 8], [0, 4, 11], [0, 6, 9], [0, 1, 5], [2, 3, 10], [2, 6, 8], [0, 2, 8], [5, 10], [0, 6, 7], [0, 4, 5], [1, 8, 11], [3, 6, 9], [0, 5, 7], [0, 11], [7, 8, 11], [1, 5, 10], [0, 1], [3, 5, 9], [2, 6, 10], [5, 7, 9], [0, 5, 6], [4, 10, 11], [3, 5], [3, 8], [1, 8, 9], [3, 6, 10], [2, 6, 11], [5, 7, 8], [6, 7, 9], [0, 9], [0, 2, 6], [10], [5, 8], [2, 4, 9], [0, 3, 4], [4, 6, 10], [2, 3, 11], [4, 5, 10], [3, 4, 5], [4, 5, 7], [0, 3, 7], [0, 3], [0, 2, 4], [3, 4, 11], [0, 4, 7], [6, 10], [4, 5, 8], [5, 10, 11], [6, 7, 11], [0, 7, 9], [1, 6, 9], [5, 9, 11], [2, 9, 11], [2, 8], [4, 6, 9], [6, 9, 10], [2, 5], [1, 4, 9], [9, 11], [0, 10, 11], [7, 8], [9, 10, 11], [3, 8, 10], [6, 10, 11], [1, 9, 10], [1, 5, 6], [7, 8, 10], [6, 8], [5, 11], [2, 10], [5, 6, 8], [1, 2, 5], [0, 3, 6], [6], [9, 10], [1, 4, 10], [0, 3, 8], [5, 9, 10], [5, 7, 10], [0, 1, 3], [0, 5, 11], [11], [0, 3, 10], [2, 4, 11], [0, 1, 6], [2, 6], [1, 8], [10, 11], [3, 4, 6], [3, 4, 10], [0, 5, 9], [2, 5, 8], [0, 1, 9], [0, 1, 10], [0, 5, 8], [3, 6, 7], [1, 2, 11], [0, 2, 7], [0, 9, 11], [4, 7, 11], [2, 5, 11], [5, 6], [0, 8, 9], [1, 2, 4], [3, 7], [0, 5, 10], [0, 4, 6]], "c": [-3.8224774058273834, 2.47216049045342, -2.8597157563706332, 1.9338527818774844, 3.814097412610897, -1.473587960828493, 1.6615399142641643, 3.4167457622804047, -1.3216281838158581, -2.859082359502243, 2.4801025978484788, -3.1524354412413915, -0.29576987654114717, 1.300323995239773, -1.4211711393302129, -1.2689164915020976, 1.2690607267474565, 2.0851582296334135, -0.36756387262815515, 4.932397679196582, -1.4910982402803907, -2.5033880453222834, -1.8741980693337377, -4.6201573722300635, -0.08496056883624536, 4.5214980614246265, -0.4279947733844738, -4.804579306447026, 4.275594417474016, 2.834533247783705, 4.956814401890735, -4.8944541440707745, -1.3578573188703489, -3.1636008388596935, -4.462281123786685, -1.5499474952906067, 1.9573647002556545, 4.082707560053077, -3.285746337436497, -1.7999695716443407, 1.3811221875749524, 2.046786383529456, 2.8978437895354645, -3.40863459591895, -0.3116042426585359, 3.669442280316968, -4.733724662617044, 1.086995907314944, -4.135858483926147, -1.3675160975033673, -1.654900501838937, 3.3647456632722452, 2.47181366672113, -3.790186279408687, -1.370591275295764, -3.4987330856999788, 4.584423410586767, 0.9708913405097519, -4.586704810124715, 0.04792761943250046, 0.9855281262818059, -4.213900522368346, 1.673545525818363, -1.6216575582085624, 0.5497487871186877, 1.639564337187708, -2.8465651627550304, 1.6567343363090759, -3.995851494844395, -3.135874612114616, -3.793772493995146, -0.7835761630986156, 1.6236378835946539, -1.9090996162851703, 3.976465765250765, -3.935993590682002, 4.354716694461702, -2.610439666535913, 1.4993108000951363, 1.8295189990859893, 1.927032002791849, 2.725132203345572, 1.2921886201688721, 1.3444353667757323, -4.181029157073103, -3.8565490619543095, 1.7140667172721944, -2.0625973601464107, -4.082467695134431, -4.447557813374624, -0.04046159888199874, -0.2320875832288971, 0.0771574004352571, 3.6477260559964098, 2.7736207850196672, -2.592822911426457, -3.482997841370774, -4.335456259114325, -1.9929083232410596, 1.640700911523295, 1.5164387904620638, 2.5294314606706614, 1.0527350529432606, 0.8194463142140442, -4.179399644223796, -4.8113781705816425, 3.687135265427939, -2.965621748556072, -4.244910207368584, -2.079897683728559, 0.08848675397652439, -0.35636722492269257, 0.04073176305573245, 2.503460402490113, 2.899865306496217, 1.7015328250769794, 4.642975117385184, 1.4029652277479965, -4.601108061749736, -1.0700225055651345, -0.33107095553413757, -2.3586185559925488, -0.9703580296266221, -3.1090978853574747, 4.589675839885027, -0.6752828543265155, 1.0244952716816087, -4.620345761630592, 3.6434027939882814, -3.140252507734602, 1.281352238480654, 2.971498286914393, -4.8100503040602005, 3.1646013166602724, 0.31776014694848786, 2.0279224154025997, 1.897033355928909, -3.7305192683767965, -0.7183718220127124, -0.1572455124222225, 0.5956822304276708, -0.20523952060014317, -3.5415637857225732, -3.845817272315818, 3.835831602204143, 3.170817720924827, -2.947432208214875, -3.849111706472436, 2.8108210667757216, -0.7889674878827879, -1.280502635523625, -1.0544604277044822, 4.00746978837754, -4.866430035913143, -3.759030563441934, -1.089812381170904, 2.60214859759639, -1.531991814547223, -0.22316953921349736, 2.8033132780570558, -2.554284516002945, 2.6333447024787047, 2.742614585773776, -3.0683657083351723, 2.7450287627692314, 1.6035865266480345, -0.6354404516626424, 3.1635846119148923, -3.552164911087078, -3.9572602745613725, -2.702721661345403, 2.6131209768878394, 0.0860517332965074, -3.1515473701073162, -1.2127750248308988, 1.9410326805585223, -1.926213942741164, 1.5454483385113251]}