{"J": [[1, 5, 10], [1, 2, 11], [2, 5], [1, 8, 9], [0, 4, 8], [0, 6, 9], [3, 10, 11], [3, 4, 5], [0, 4, 5], [0, 3, 9], [5, 6, 7], [6, 7, 11], [2, 4, 7], [1, 2, 5], [1, 9], [2, 8], [3, 9], [3, 8, 9], [6, 8, 9], [3, 4, 10], [0, 9, 11], [0, 1, 10], [4, 7], [4, 11], [2, 7, 8], [5, 9, 10], [8, 10], [0, 3, 6], [2, 9, 10], [1, 3, 9], [0, 6, 10], [1, 7, 9], [1, 5, 9], [4, 8], [1, 6, 11], [0, 2, 11], [1, 8, 11], [7, 9, 10], [8, 11], [6, 11], [2, 5, 7], [0, 1], [1, 8, 10], [5, 8], [6, 8], [6, 9], [8], [5, 6, 9], [3, 5, 11], [5, 8, 10], [0, 8, 9], [7, 8], [4, 7, 9], [10, 11], [4, 7, 11], [4, 5, 7], [3, 5, 9], [1, 2, 10], [0, 5, 8], [5, 8, 9], [1, 6, 10], [11], [1, 4], [3, 6], [3, 7, 9], [2, 11], [5], [3], [2, 3, 8], [3, 7, 8], [7, 8, 10], [3, 4, 6], [3, 7, 11], [1, 4, 8], [3, 7, 10], [2, 4, 8], [1, 3, 6], [1, 4, 5], [5, 7, 11], [1], [1, 3, 4], [2, 6, 10], [1, 9, 10], [4, 5, 10], [0, 2, 5], [2, 6, 8], [0, 2, 8], [0, 9, 10], [1, 6, 7], [0, 8], [3, 5, 6], [1, 7, 8], [1, 2, 7], [0, 11], [7, 11], [8, 9, 10], [6, 8, 10], [0, 4, 11], [1, 4, 6], [4, 5, 11], [1, 7], [3, 6, 7], [1, 4, 11], [1, 4, 9], [3, 9, 11], [1, 2, 6], [5, 7, 9], [2, 5, 10], [0, 5, 11], [6, 9, 11], [1, 6, 9], [8, 10, 11], [1, 2, 8], [0, 6, 11], [4, 6, 9], [0, 6, 8], [0, 5, 7], [6, 10, 11], [3, 4, 9], [3, 4, 11], [3, 5, 10], [4, 9], [2, 6], [5, 11], [2, 4, 11], [4], [4, 5, 6], [0, 7, 11], [1, 8], [4, 6, 8], [5, 7, 10], [6], [3, 4], [0, 2, 10], [0, 2, 9], [0], [1, 5, 6], [2, 7, 9], [0, 7, 8], [6, 9, 10], [6, 7, 9], [1, 4, 7], [2, 4, 6], [2, 5, 6], [1, 10], [1, 9, 11], [9, 10, 11], [0, 3], [2], [5, 6, 11], [3, 5, 7], [7, 9], [0, 3, 5], [0, 1, 2], [0, 9], [4, 10, 11], [2, 3, 11], [2, 3, 9], [0, 5, 9], [1, 3], [5, 6], [0, 8, 11], [0, 2, 4], [8, 9, 11], [3, 4, 8], [1, 10, 11], [6, 7, 8], [7], [5, 6, 8], [1, 7, 11], [1, 2, 9], [5, 7, 8], [2, 3, 4], [0, 2], [2, 9, 11], [0, 2, 7], [0, 5, 10], [2, 7, 11]], "c": [1.8783749711167328, 0.3993946454765753, 3.5758928228630182, 0.1605254593953216, -3.3905100199796245, -2.288668879330329, -0.6979544352929432, -2.1767878757887194, -1.4255465399633351, 2.899973287580263, -4.9129262784984835, -4.265136804714819, 1.6347210182404321, 2.097899646596492, -3.135252478275911, 0.6191243982485979, 2.3301064517733856, 2.5566481528793066, -0.8157595832309594, -3.3237962369920515, 4.925543595626927, -0.7568779649173649, 1.5152451481059357, -3.7082244560640243, 4.832961397617801, -0.33747462192295963, 4.660584390099595, 4.4885801989461385, -3.0713863763597047, 3.0048828377402472, -2.056421256155047, 0.2996692595439825, 2.1242534797734924, 4.843980674267019, 2.3336674067801377, -1.6034179906216028, 3.932184325755257, -0.652157501943254, -0.2269927926002513, 2.646344585640562, -3.8216214317796195, 2.871100897075457, 4.674874751884827, -2.1495712461852943, 2.293755030925386, 0.9650795319556131, 2.1022798510575234, -0.21401707356454658, 1.7745536698400741, 2.7162255772397694, -2.3832424755732964, -1.7443248556100412, 1.902981001860371, -0.4104511582301882, -1.2292348158819721, -3.984427170909466, 1.8389438214036327, 1.0210424835553749, -0.7120875359093324, 2.2106290922914393, 4.256943731670605, -3.9984630693880896, 2.9008979388954774, -3.3004570482536124, -1.2128217537437704, -1.6460319393960776, -2.859721102799617, 1.7270748676672216, -4.744668254114139, 0.8212045058582538, -2.6762621792352856, -2.5187146840638386, -0.4965330665024359, -4.52727127378176, 4.904117022185842, -0.9133421034216473, -4.612687878553313, -0.37519501285465395, 4.696760408021026, 1.9577815619388481, 2.561755645425788, -3.094696663031452, 4.091366319764628, 1.112840553586465, -4.261043696119556, 0.8202839593039766, -0.3673354504224733, 1.5610873902978364, -3.3980643422094325, -2.257322133494939, 1.9795427474937553, 1.834003055171042, -0.6916168265625986, -4.343497607099456, -0.6950605957117686, -1.8162259575064432, -2.159258959824082, -3.5425097108999193, -2.157783230870687, 0.5261440289163923, -0.9773358311063145, -1.9288538542741627, 3.5327265500193423, -0.7369905537502008, 4.243119761334578, -4.012403030004784, 3.6442982142943467, -0.21848663970590732, 0.15235122088381203, -2.4195415871477532, 3.7914963957249253, 2.2171018082529494, -2.1053543116691795, -3.966812034918097, 1.075085597896103, 0.1827463921566359, 1.0948669577655403, -3.7119258933540578, 3.1683372582420457, 0.4571978580117033, -2.66384104942765, 3.255387072118477, 2.8031399236762997, 2.4128698029932476, 2.934680198030314, -0.03670957497680938, 3.6515738941892444, -0.15569912463246283, 3.944874311465986, 4.773021708149445, 2.632108258593128, 3.662508809652058, -1.679689241281447, -4.042539945553916, 0.2298203821645668, 1.581742554689857, 2.787394646696293, 1.7710876399057165, -1.3769191592820196, -3.5150197145134374, -2.878671469587105, -4.69042899993377, -0.21036398317625693, -4.993715947374174, 4.162340388507223, -1.5118677486509435, -2.6157978693270065, 0.17177279252921895, -1.6542450247241183, 1.4103703113936934, 0.9345985564645591, -2.8912466188897956, 1.5362174228739667, 3.3073538904651674, 3.850513462932506, 4.85337227811166, 1.3010641473345572, -3.967504934984205, 0.4744296639607448, 0.33083872254451663, 1.1756199507179481, 2.3725764954083273, -1.2439680874707437, 3.925067924415618, 3.78242560297009, -1.0942559317406952, -0.1679650221407778, -3.4825671883642064, 3.343352974655229, 1.6254092780455007, -3.507291973393362, 1.986877382939599, -1.7437734509628267, -2.5523385496263273, 0.13298595872949548, -1.4843168550712758, 4.179780487138391, -1.547040138407917]}