{"J": [[3, 10, 11], [8, 11], [6, 11], [2, 5, 7], [0, 1], [1, 8, 10], [0, 6, 8], [0, 8, 11], [0, 9, 10], [0, 5], [4, 7, 9], [1, 2, 6], [7, 9, 10], [1, 4, 9], [1, 4], [6, 8, 10], [6, 7, 10], [3, 6, 9], [0, 4, 5], [0, 11], [4, 5], [0, 2, 3], [0, 1, 7], [11], [7], [0, 1, 6], [2, 8, 11], [4, 6], [0, 2, 4], [1, 3, 9], [2], [1, 2, 7], [2, 3, 6], [2, 4, 5], [4, 9, 10], [2, 9], [3, 6], [1, 3, 4], [5, 9], [3, 5, 8], [6, 10, 11], [4, 11], [5, 7, 11], [1, 4, 11], [6, 8, 11], [1, 2, 10], [4, 6, 8], [3, 4, 11], [2, 6, 9], [2, 6, 11], [6, 9, 11], [0, 2, 8], [1, 7], [0, 5, 11], [3, 9], [1, 6, 9], [1, 2, 11], [1, 2, 8], [0, 6, 11], [1, 5, 9], [3, 4, 8], [6, 9, 10], [0, 5, 7], [1, 6, 11], [2, 8, 10], [2, 3, 8], [1], [1, 4, 5], [6, 8, 9], [4, 9], [2, 6], [5, 11], [8, 9, 10], [2, 5, 10], [4, 5, 11], [4], [2, 4, 9], [7, 10, 11], [0, 7, 11], [1, 8], [3, 6, 7], [0, 3, 6], [6], [1, 9, 10], [3, 4], [0, 2, 10], [0, 2, 9], [1, 6, 8], [0]], "c": [3.6073441517730966, 0.3534751000738501, -3.1432282067255937, 0.9567821893410802, 0.47124221614054385, -3.7558148641923528, -3.506828410463456, -4.4147197382520496, 1.4068539448989288, 3.2627327677005447, 4.768571143936612, -0.39441158838608903, -1.1571897010715815, -1.920553663457718, 4.302489214222174, 2.616774467792321, 0.6352348490342656, 0.4176126821232753, 4.095068788867593, 3.038469693251944, -0.5050884860635731, -2.7622802179424246, 3.658361014059084, 2.4691231650895515, -1.2198025299113602, -3.99027797644501, -2.1322111380454647, 3.3387078023136993, -4.69274322420281, 1.871667147262567, 0.5679027026744201, 4.70225240683067, 4.197088190220253, -3.9340555021396306, 4.742149784449648, 2.206972830900998, 1.1343932664273302, -4.0446463570043845, -3.1087684737451915, -4.743819123800654, -2.5538035362251854, 3.3571002834389443, -2.1280228026058854, -3.552541860765129, 1.973691907334726, -2.7521398819984997, 0.9197136021187422, 2.068438237420195, 3.4619972604119855, -4.017922452852877, -0.8618159453217134, 0.6594380409950338, -4.917705824001831, -1.044834423388182, 1.3748571588414933, -2.855486186771067, -4.264022633988086, -4.430003060079203, 4.175527665877679, -3.858197694333081, 3.5930509852838615, 3.2999659677038, -2.0121584857956742, 2.9914335123343774, 1.2483386839077877, 3.754847630894801, 2.3876887034146392, -3.812036325785002, 2.167435714038114, 0.7512921828328123, -4.423972388106083, 2.24568190721111, -4.735556774346648, 1.2800824966120903, -3.2089790346249405, -1.8951808091525404, 2.789777749615747, -0.8495673695869685, 4.264229757151565, 2.8825452391090147, -3.8371188395190616, 3.839375123121437, -2.8816142149099724, 0.22911924709366893, -0.36704214830284076, -3.2200030407590754, 0.7126104281601116, 4.6554567907428375, -4.013907708950483]}