{"J": [[0, 3, 10], [6, 9], [5, 8], [4, 9, 10], [2, 8, 10], [4, 7, 8], [2, 6, 10], [4, 7, 9], [3, 6, 11], [0, 5, 7], [0, 11], [3, 6, 9], [5, 7, 9], [2, 8], [1, 2, 7], [8, 9, 11], [2, 4, 8], [5, 8, 11], [2, 3, 10], [2, 5], [1, 6, 11], [4, 5, 11], [4, 5, 7], [1, 2, 10], [2, 8, 9], [2, 4, 11], [4, 7, 11], [0, 9, 11], [5, 6], [9], [0, 8, 9], [3, 4, 10], [0, 1, 7], [10, 11], [0, 2, 11], [7], [4, 10, 11], [1, 2, 8], [1, 9], [4, 9], [1, 7, 11], [5, 6, 9], [0, 5, 11], [5, 9], [6, 9, 11], [0, 10, 11], [7, 10], [2, 6, 7], [0, 8], [2, 9], [5, 9, 11], [2, 10, 11], [3, 4, 6], [10], [6, 8], [3, 7, 10], [3, 6, 10], [7, 10, 11], [0, 2, 6], [0, 10], [1, 2, 4], [0, 2, 9], [1, 3, 5], [3, 5], [1, 6], [0, 2, 7], [5, 9, 10], [2, 6, 8], [3], [2, 7, 10], [2, 7, 11], [1, 3, 9], [0, 9, 10], [2, 5, 7], [6, 8, 10], [0, 4, 10], [0, 5, 8], [1, 5, 7], [5, 8, 9], [5, 11], [3, 10, 11], [5, 7, 8], [1, 8, 10], [2, 5, 10], [2, 6], [2, 5, 8], [0, 2, 5], [7, 8], [1, 2, 9]], "c": [-4.9695931031979494, 4.096212901469622, -2.5772190565784516, -0.6128843085488489, -3.547325565741064, -1.6377084651720173, 0.8981395348130121, -3.777244801833788, -4.197393448374944, 2.2365208034103032, -2.7074748275525717, 2.569663456098449, 3.961315290692937, -3.383692828596927, -0.3321551375110863, 3.8014985398455785, -3.0202092803135807, -0.2899743744301366, -0.9140408821188402, 1.2169942692586648, -4.216410907328814, 1.5377244664434127, 2.585136855245832, 2.524424596424959, 0.22206926839358765, 3.237336413592857, 3.8941010003926912, 1.327317782857369, 2.0650424915193657, -2.575312527936312, 2.416399657421281, -3.4485615432345504, -4.800993524842397, 4.612869545605662, 2.253784248886425, -2.2440113564918382, 1.794250973448241, 3.344564455708973, 1.8281551030204488, -1.0120575257189621, 1.807444777915073, -1.1444458829943205, -0.5518613064488882, 0.7200957564233654, -3.819160407213219, -2.2990671885770775, -2.3824073661364844, -3.529530217801259, -3.823962537127774, 1.6661760479984533, -4.186533291133946, -0.06400584260636855, 0.8054841452562798, -3.744391313038883, -3.595200791415476, -0.3959709327461507, 1.0725071732027551, -1.0099666964178846, 2.2058497195769275, 0.6428815105804482, -0.9031325776034285, -0.621689262384967, 3.9836995666508344, -1.7751801811768364, 0.733328485478351, 3.4207121741301485, 0.24097675365831428, 3.4032999853054022, 4.7612378166834155, 1.1348405324356428, 4.516208985770753, -0.8613424727968972, 0.0952280655564941, 2.4345907951841923, -1.3359978762019664, -1.9437714857448984, 4.805174109551178, 1.9014654988887525, 3.96639485485467, -2.261798811665586, -2.8042956763280955, 1.4583407850837204, 0.7658554194022926, 4.487303244116465, 4.450047596302252, 2.942480702789945, -1.547837889239445, 4.077790357067514, -4.13775231990586]}