{"J": [[2, 3], [3, 9, 10], [2, 7, 8], [0, 6, 10], [0, 3], [5, 6, 9], [8, 10], [3, 10], [2, 8, 11], [0, 4], [2, 3, 7], [2, 9, 11], [6, 9, 11], [10, 11], [3, 8, 10], [0, 2, 9], [5, 7], [2, 5], [1], [3, 9], [0, 1, 6], [8, 9, 11], [7, 9], [1, 2, 4], [2, 3, 6], [1, 5, 9], [3, 6], [2, 4, 6], [6, 7, 11], [1, 10, 11], [2, 7, 11], [0, 7, 10], [7, 11], [5, 7, 8], [1, 6, 11], [6, 11], [1, 4, 7], [1, 2, 7], [0, 6, 8], [0, 3, 5], [7, 8], [8, 9, 10], [9], [1, 9], [1, 2, 11], [7, 9, 11], [0, 6, 11], [3, 6, 10], [2, 11], [2, 9, 10], [9, 10, 11], [0, 5, 8], [9, 10], [1, 5], [4, 7], [0, 1, 9], [5, 6, 7], [3, 4, 8], [0, 1, 4], [1, 2, 10], [0, 3, 11], [4, 7, 10], [2, 6, 9], [6, 8, 11], [4, 7, 9], [8, 11], [1, 2, 9], [1, 9, 10], [1, 7], [4, 9, 10], [4, 7, 11], [2, 3, 8], [0], [2, 5, 6], [6, 10, 11], [4, 5], [0, 10, 11], [0, 3, 9], [2, 9], [2, 5, 10], [0, 7, 11], [5, 7, 10], [5, 8, 10], [0, 9], [0, 7], [5, 6, 10], [1, 7, 9], [2, 8, 10], [0, 2], [1, 6, 7], [6, 8], [2, 8], [4, 6, 10], [4, 5, 11], [7, 8, 10], [1, 11], [0, 1, 11], [0, 1, 5], [4, 5, 8], [1, 8, 11], [1, 2, 3], [0, 4, 6], [3, 5, 10], [6, 7, 10], [3, 7, 11], [4, 9, 11], [8, 10, 11], [1, 5, 7], [1, 5, 11], [7, 10, 11], [3, 4], [2, 10, 11], [2, 4, 9], [10], [3, 5], [5, 6], [1, 6, 8], [0, 9, 10], [5, 6, 11], [4, 5, 7], [6], [4, 10], [3, 5, 9], [0, 6], [2, 3, 9], [0, 2, 4], [0, 10], [3, 8], [3, 4, 11], [4, 10, 11], [2, 10], [2, 5, 9], [4, 6, 7], [3, 7, 8], [3, 4, 6], [5, 9], [5, 6, 8], [2, 5, 7], [1, 8, 10], [0, 5, 9], [1, 7, 8], [3, 10, 11], [8], [1, 3, 11], [0, 1, 10], [3], [1, 7, 10], [1, 2, 6], [3, 8, 11], [1, 5, 6], [2, 6, 10], [1, 4, 8], [5, 8, 11], [1, 9, 11], [0, 2, 10], [11], [1, 3], [0, 4, 9], [0, 6, 9], [1, 3, 8], [6, 9], [1, 3, 10], [3, 6, 11], [5, 7, 9], [0, 5, 7], [0, 4, 5], [3, 6, 8], [4], [3, 4, 7], [1, 3, 4], [0, 3, 6], [0, 7, 9], [0, 2, 8], [6, 8, 10], [2, 6, 8], [1, 2], [3, 4, 9], [2, 3, 5]], "c": [-1.8195268225910444, 2.2130261714579325, 3.567664797317084, -2.7306182129917778, 4.596613511780896, 0.7092102598374321, 2.012945535940882, 0.6284641267569091, -3.0165064478163983, -3.2044410863410455, 2.238431644626436, 3.3517086804606784, -1.2316677312892086, -2.7926268592845584, 2.5279309082519603, 4.1013655124426265, 4.331672767454224, 2.128557271408665, 1.4640938493289157, -4.722398231425097, -1.1077363522125774, -3.988818891960215, 2.5410213295324704, 0.1683407264447414, -0.9410466175304544, -2.0007114500269054, -3.513103621272772, 3.758342384131513, -0.8388540913510809, 4.013253148876984, -0.8134840834223382, 0.9623085823474344, 1.7273842280216636, 3.3838542588564735, 3.240129963685339, -0.1416562718146679, 2.9963588650959805, 4.352730005451043, -2.283301374751704, -2.675057706361054, -2.3022482795201373, -1.0626887543943897, -2.254747948179494, -1.7604288971805673, 4.914763996572569, -0.19778571124793842, 3.1414316261165354, -3.7416403778866525, 4.02534934309924, -0.1055458682443291, -2.16475964238788, 1.6711669945406946, -0.42025096202047774, -2.10630831434673, -4.634774179208381, 0.5464211967571764, 0.6443811386686837, -4.202594673376019, 3.825302295553982, -0.08481867498719176, -2.7283462403545853, 0.6307206191513011, -1.9415635407240805, 1.718038380203783, 3.5939747522022785, -0.606433767580036, 0.9038968098264082, -1.0892393746740958, -4.5088206676925395, -1.4304683851823432, 4.966795713777204, 0.17206362147798782, 4.23264592112662, 0.46931847021151807, 3.752986320943794, 4.334902140040256, 2.9200594769710033, -0.6667353475020619, 0.30561975733680935, 1.0661111868655526, -0.2760299374948838, 0.5698396422938456, -0.6030118606181443, 1.6971194614191818, 4.227024569354816, 1.8932532103127926, -3.7878422390837, 2.5607853878037155, 0.8169486350834942, 2.8507423518566704, -0.00532694464650163, 2.5887098009446854, 0.24295605014884458, 4.663611606919385, -3.068606028346367, 4.683303789467592, -0.5242575050254565, 2.5670876860562934, 2.9697511588859857, 2.2888514218863474, 3.994540551060357, 4.959667351085823, -2.9103691030971657, 1.960618884345732, 3.075566012682751, 3.674286902623578, 3.696644440431678, -2.303219738712816, -0.9316116216042367, -2.140917328952361, -1.5625863113991958, 4.0931605913249385, -4.68933863971441, -3.42304627751453, 1.9494443266960708, 0.29708910633609786, 4.845305763596318, -2.9748485736401378, 4.7062230158383915, -1.0564236483418932, 4.555590039955527, -4.8564913538658105, -1.7614806813764252, 1.9412689529271887, -2.931501641907812, 2.5567240087205425, -0.28917997684136587, 1.6680634310058648, -4.72355379369592, -2.6678475021996495, -2.552922492118049, 1.7951926218715597, 1.7462559061139533, 0.6300083954534923, -3.321754719873949, 3.074167271685207, -2.810968089927152, 3.5249402845323683, -4.813612510027227, -2.870896976560815, 2.963276676852253, 2.1215557630613047, 2.6174471618710466, -0.9744471180462835, 3.9685212111731296, -0.29177786767721425, 4.244855328123414, -2.4676274412373598, -3.8810455397267782, 1.047172300534779, -0.2772168212341972, 0.5930261453362142, 0.564804845839566, -2.5570036928934172, 4.545967786231625, -3.8242198610772125, -4.614552269390039, 1.9313035286429647, -3.9416672411598688, -3.5097667094834337, 2.288525642874726, -3.6705384110550376, 4.948323407592371, -4.224505418992901, 0.07724110557645236, 1.3893309685826498, -4.651894316366737, -4.011468491069834, 4.800865169065245, -2.4485986494475656, -0.2880606627857887, 4.366183205468602, -3.850999115265723, -0.4128649008851495, -4.373244017586348, -0.09373140191944529, -3.3304224185210627, 4.059630145194969]}