{"J": [[3, 5, 6], [0, 5, 9], [0, 5, 6], [2, 10, 11], [4, 7], [3, 9, 11], [3, 6], [4, 6, 11], [6, 11], [5, 9, 11], [0, 2, 7], [0, 9, 11], [0, 6, 11], [7, 8, 10], [0, 2, 8], [2, 5, 11], [0, 2, 6], [1, 3, 6], [4, 9], [1, 2, 9], [4, 8], [7, 8, 11], [0, 1, 5], [6, 9, 10], [5], [0, 4], [0, 3, 11], [0, 4, 7], [1, 3], [7], [0, 5, 10], [0, 6, 9], [0, 2, 10], [8], [7, 9], [1, 2], [0, 3, 5], [2, 4, 10], [0, 6, 10], [1, 8, 11], [0, 3, 10], [3, 10], [0, 4, 9], [4, 6, 8], [1, 2, 7], [3, 8, 11], [8, 9], [2, 3, 6], [1, 7, 10], [3, 5, 10], [0, 3, 4], [5, 9, 10], [4, 7, 10], [1, 3, 4], [3, 7, 8], [2, 7, 11], [3, 7, 9], [0, 4, 11], [0, 4, 8], [4, 8, 9], [0, 10], [2, 8, 9], [1, 6, 10], [0, 5, 8], [5, 6, 8], [5, 6, 9], [0, 8, 11], [4, 6, 7], [3, 4, 10], [5, 7, 9], [1, 5, 7], [1, 9, 10], [3, 6, 9], [0, 7, 8], [2, 4, 6], [3, 6, 11], [2, 5, 8], [2, 8, 11], [1, 11], [2, 4, 9], [0, 2], [4, 10], [4, 7, 11], [4, 8, 10], [1, 2, 8], [3, 4, 6], [11], [3, 7], [0, 2, 5]], "c": [1.1191300436727527, -1.7507901575659366, -3.859010527777089, 2.4858158352464184, 3.677953827917044, 2.104861005332582, 1.1333897366948529, 0.9359054898070749, -2.8481591972688802, 0.4761115498778521, 0.053791208085077535, -3.859953508225896, -3.2499481470040004, 2.8383497631094565, 3.757215640931836, -4.814321331054192, -1.3182420409512852, -3.796081483054774, 1.9403110922509095, 2.6665897683720257, 0.36805527793917125, -1.0856221765153262, -0.7044240782478646, 3.894440253716599, 3.356496046429138, -3.522910200803673, 2.039303836564919, -3.817366372070734, -2.59754538779828, 1.9503226391918682, -3.089961269174445, 2.1729983459526725, 3.3913561808076, -0.6827293613705931, -3.3470073682788515, 1.6809945879463326, 0.12739563664535503, -2.4050424174687035, 1.8763747155813295, -3.311090865446109, 3.1661987701398644, 1.747668254643873, -1.975127567642435, 0.6657178805829123, 4.165637846869558, -0.3746445815412516, 0.46908763275568344, -0.34954733805496385, 2.7640685331564416, -1.4707272533372215, -0.7215158008822966, 4.14366341894247, 0.846712336197422, 3.3588386394563425, -3.6395830178319044, 2.6731861675311386, 1.1595936073457027, -4.520575534288131, -0.47968135220108454, -0.621733895064283, 3.0394837984171392, -3.2674605440366267, 1.5734159462055377, 4.716158149759041, 1.5413938234706714, 0.36468424183240344, -3.528189194648157, -2.5844137301221193, -4.284975456822688, 2.0966161312034384, 1.2074442521895756, 1.7938711673016803, 2.665303327569478, 0.5077188715272927, 2.504377330407122, 1.5419594949429172, 2.753685953302049, 3.6547159578898967, -4.639743261188702, 4.485173117974419, -1.890525557651098, -1.6960834878175577, -3.5510990331156576, -4.036156979414839, -0.8027088539958438, -2.70423688219094, -4.2268562985929155, 3.764878425310357, -2.0453799023753905]}